source_file,concept_skill,node_text,label,attached_to,fragment
MH2_PK5_Measurement and Data_Angles.docx,"Identify, draw, and name angles, points, lines, line segments, and rays.","Identify, draw, and name points, lines, line segments, and rays.",partial,IN.3.G.2,-partially tagged. Does not include rays in standard
MH2_PK5_Measurement and Data_Angles.docx,Relate an angle to a fraction of a complete turn through a circle and write an angle measure using degrees,Relate an angle to a fractional turn through a circle.,unclassified,,Clocks
MH2_PK5_Measurement and Data_Angles.docx,"Classify angles, and draw angles made of perpendicular lines",Classify angles by their degree measures.,unclassified,FL.4.GR.1.1,(includes reflex)
MH2_PK5_Measurement and Data_Time.docx,Describe and compare the durations of commonplace activities.,Describe and compare time intervals.,unclassified,WI.PK.B.EL.5,not numbered
MH2_PK5_Measurement and Data_Time.docx,Describe and compare the durations of commonplace activities.,Order events in time and describe their positions.,unclassified,WI.PK.B.EL.5,not numbered
MH2_PK5_Measurement and Data_Time.docx,Classify times as moments or durations and label both on a timeline,Classify times as moments in time or durations of time.,unclassified,GA.PK.CD-MA,3.4d
MH2_PK5_Measurement and Data_Time.docx,Measure durations with a timing tool and estimate durations with time benchmarks.,Measure the duration of an activity with a timing tool.,provenance,,"In EM2, this work is noted as being foundational to"
MH2_PK5_Measurement and Data_Time.docx,Measure durations with a timing tool and estimate durations with time benchmarks.,Estimate durations by using time benchmarks and determine whether estimated durations are reasonable.,provenance,,"In EM2, this work is noted as being foundational to"
MH2_PK5_Measurement and Data_Time.docx,Tell and write time to the nearest minute.,Tell and write time to the nearest minute.,unclassified,PA.M04.D-M.1.1.4,(identify time as the amount of minutes before or after the hour)
MH2_PK5_Measurement and Data_Time.docx,Represent and solve elapsed time problems by using the number line.,Represent and solve elapsed time problems by using the number line.,unclassified,TX.3.7C,"(problems can include adding time intervals in minutes, unknown end time, or unknown start time; can’t include unknown elapsed time)"
MH2_PK5_Measurement and Data_Time.docx,Represent and solve elapsed time problems by using the number line.,Represent and solve elapsed time problems by using the number line.,exceeds,AK.4.MD.4,(specifies across time zones)
MH2_PK5_Measurement and Data_Time.docx,Represent and solve elapsed time problems by using the number line.,Represent and solve elapsed time problems by using the number line.,exceeds,AK.5.MD.2,(specifies across world time zones)
MH2_PK5_Measurement and Data_Time.docx,Represent and solve elapsed time problems by using the number line.,Represent and solve elapsed time problems by using the number line.,scope,MD.2.GR.C.8,(limited to hour and half hour)
MH2_PK5_Measurement and Data_Time.docx,Represent and solve elapsed time problems by using the number line.,Represent and solve elapsed time problems by using the number line.,scope,ND.3.GM.M.4,(limited to hour and half hour)
MH2_PK5_Measurement and Data_Time.docx,Represent and solve elapsed time problems by using the number line.,Represent and solve elapsed time problems by using the number line.,exceeds,VA.3.MG.3.c.i,"ii, iii (specifies one-hour increments within a.m. or p.m.)"
MH2_PK5_NumberSystemsandStructures_ComparingandOrdering_LessonLadder.docx,Identify and use ordinal numbers.,Use the words first and second to describe objects’ positions in a sequence.,absence,,No CCSSM for ordinal numbers
MH2_PK5_NumberSystemsandStructures_ComparingandOrdering_LessonLadder.docx,Identify and use ordinal numbers.,Use the ordinal numbers first through tenth to describe the positions of objects in a sequence.,absence,,No CCSS standard
MH2_PK5_NumberSystemsandStructures_ComparingandOrdering_LessonLadder.docx,"Order and compare sets, lengths, and numerals.",Order sets/groups of objects according to the number of objects in each set/groups.,provenance,K.CC.A.2,— Count forward beginning from a given number (foundational)
MH2_PK5_NumberSystemsandStructures_ComparingandOrdering_LessonLadder.docx,"Order and compare sets, lengths, and numerals.",Order sets/groups of objects according to the number of objects in each set/groups.,unclassified,K.CC.B.4c,— Each successive number refers to a total one larger (conceptual basis for ordering)
MH2_PK5_NumberSystemsandStructures_ComparingandOrdering_LessonLadder.docx,"Order and compare sets, lengths, and numerals.",Order lengths marked into units.,unclassified,,CA TK PTKLF 3.2
MH2_PK5_NumberSystemsandStructures_ComparingandOrdering_LessonLadder.docx,Compare and order multi-digit numbers by using a number line.,Compare and order multi-digit numbers.,scope,FL.3.NSO.1.3,"(to 10,000)"
MH2_PK5_NumberSystemsandStructures_ComparingandOrdering_LessonLadder.docx,Compare and order multi-digit numbers by using a number line.,Compare and order multi-digit numbers.,scope,FL.4.NSO.1.3,"(to 1,000,000)"
MH2_PK5_NumberSystemsandStructures_ComparingandOrdering_LessonLadder.docx,Compare and order multi-digit numbers by using a number line.,Compare and order multi-digit numbers.,scope,TX.3.2D,"(to 100,000)"
MH2_PK5_NumberSystemsandStructures_ComparingandOrdering_LessonLadder.docx,Compare and order multi-digit numbers by using a number line.,Compare and order multi-digit numbers.,scope,TX.4.2C,"(to 1,000,000,000)"
MH2_PK5_NumberSystemsandStructures_ComparingandOrdering_LessonLadder.docx,Compare and order multi-digit numbers by using a number line.,Compare and order multi-digit numbers.,scope,AR.3.NPV.4,(four-digit numbers)
MH2_PK5_NumberSystemsandStructures_ComparingandOrdering_LessonLadder.docx,Compare and order multi-digit numbers by using a number line.,Compare and order multi-digit numbers.,scope,GA.3.NR.1.2,"(to 10,000)"
MH2_PK5_NumberSystemsandStructures_ComparingandOrdering_LessonLadder.docx,Compare and order multi-digit numbers by using a number line.,Compare and order multi-digit numbers.,scope,MD.3.NOS.A.1.d,"(within 10,000)"
MH2_PK5_NumberSystemsandStructures_ComparingandOrdering_LessonLadder.docx,Compare and order multi-digit numbers by using a number line.,Compare and order multi-digit numbers.,scope,MN.3.3.5.3,"(to 100,000)"
MH2_PK5_NumberSystemsandStructures_ComparingandOrdering_LessonLadder.docx,Compare and order multi-digit numbers by using a number line.,Compare and order multi-digit numbers.,scope,MN.4.3.5.2,"(to 1,000,000)"
MH2_PK5_NumberSystemsandStructures_ComparingandOrdering_LessonLadder.docx,Compare and order multi-digit numbers by using a number line.,Compare and order multi-digit numbers.,scope,ND.3.NO.NBT.1,(four-digit numbers)
MH2_PK5_NumberSystemsandStructures_ComparingandOrdering_LessonLadder.docx,Compare and order multi-digit numbers by using a number line.,Compare and order multi-digit numbers.,scope,OK.3.N.1.4,"(to 100,000)"
MH2_PK5_NumberSystemsandStructures_ComparingandOrdering_LessonLadder.docx,Compare and order multi-digit numbers by using a number line.,Compare and order multi-digit numbers.,scope,SC.3.NR.1.3,"(to 999,999)"
MH2_PK5_NumberSystemsandStructures_ComparingandOrdering_LessonLadder.docx,Compare and order multi-digit numbers by using a number line.,Compare and order multi-digit numbers.,scope,VA.3.NS.2.a,"(to 9,999)"
MH2_PK5_NumberSystemsandStructures_ComparingandOrdering_LessonLadder.docx,Compare and order multi-digit numbers by using a number line.,Compare and order multi-digit numbers.,scope,VA.4.NS.2.a,(seven-digit numbers)
MH2_PK5_NumberSystemsandStructures_Estimating.docx,Make a thoughtful guess about the number of objects in a group. (Stella – DONE),Make a thoughtful guess about the number of objects in a group.,unclassified,GA.PK.CD-MA,7.4a
MH2_PK5_NumberSystemsandStructures_Fractions.docx,Identify and locate fractions on the number line.,"Given a unit fraction on a number line, name the fraction.",scope,TX.3.3B,(less than or equal to 1)
MH2_PK5_NumberSystemsandStructures_Fractions.docx,Identify and locate fractions on the number line.,Partition an interval and locate unit fractions on a number line.,scope,TX.3.3A,(less than or equal to 1)
MH2_PK5_NumberSystemsandStructures_Fractions.docx,Identify and locate fractions on the number line.,Partition an interval and locate unit fractions on a number line.,scope,VA.2.NS.3.e.ii,"(halves, fourths, eighths, thirds, and sixths)"
MH2_PK5_NumberSystemsandStructures_Fractions.docx,Identify and locate fractions on the number line.,Partition an interval and locate unit fractions on a number line.,scope,VA.3.NS.3.a.11,"(denominators of 2, 3, 4, 5, 6, 8, and 10)"
MH2_PK5_NumberSystemsandStructures_Fractions.docx,Identify and locate fractions on the number line.,"Given a non-unit fraction on a number line, name the fraction.",scope,TX.3.3A,B (less than or equal to 1)
MH2_PK5_NumberSystemsandStructures_Fractions.docx,Identify and locate fractions on the number line.,"Given a non-unit fraction on a number line, name the fraction.",scope,VA.3.NS.3.a.11,"(denominators of 2, 3, 4, 5, 6, 8, and 10)"
MH2_PK5_NumberSystemsandStructures_Fractions.docx,Identify and locate fractions on the number line.,Partition an interval and locate non-unit fractions on a number line.,scope,TX.3.3A,B (less than or equal to 1)
MH2_PK5_NumberSystemsandStructures_Fractions.docx,Identify and locate fractions on the number line.,Partition an interval and locate non-unit fractions on a number line.,scope,VA.3.NS.3.a.11,"(denominators of 2, 3, 4, 5, 6, 8, and 10)"
MH2_PK5_NumberSystemsandStructures_Fractions.docx,Identify and generate equivalent fractions.,Generate equivalent fractions by using equations.,partial,4.NF.5,(just the equivalent fractions part)
MH2_PK5_NumberSystemsandStructures_Fractions.docx,Identify and generate equivalent fractions.,Generate equivalent fractions by using equations.,exceeds,MN.5.3.5.5,requires by division
MH2_PK5_NumberSystemsandStructures_Fractions.docx,Identify and generate equivalent fractions.,Identify and generate equivalent fractions by using concrete objects.,exceeds,,(TX breakouts probably require additional models—I didn’t double check
MH2_PK5_NumberSystemsandStructures_Fractions.docx,Identify and generate equivalent fractions.,Identify and generate equivalent fractions by using concrete objects.,exceeds,VA.2.NS.3.f,also required comparing unit fractions with region/area and length models)
MH2_PK5_NumberSystemsandStructures_Fractions.docx,Identify and generate equivalent fractions.,Identify and generate equivalent fractions by using area models.,exceeds,,(TX breakouts probably require additional models—I didn’t double check
MH2_PK5_NumberSystemsandStructures_Fractions.docx,Identify and generate equivalent fractions.,Identify and generate equivalent fractions by using area models.,exceeds,VA.2.NS.3.f,also required comparing unit fractions with region/area and length models)
MH2_PK5_NumberSystemsandStructures_Fractions.docx,Compare and order fractions.,"Compare and order fractions by using the benchmarks 0, 1⁄2, and 1.",scope,VA.4.NS.3.c,(all denominators less than 12)
MH2_PK5_NumberSystemsandStructures_Fractions.docx,Compare and order fractions.,"Compare and order fractions and decimals by using benchmarks, place value, or number lines.",unclassified,,"Some states specify number line, some expect equations"
MH2_PK5_NumberSystemsandStructures_Fractions.docx,"Find a fraction of a number, quantity, or set.",Find a fraction of a set where the result is a whole number.,provenance,,Precursor to
MH2_PK5_NumberSystemsandStructures_Fractions.docx,"Find a fraction of a number, quantity, or set.",Find a fraction of a set where the result is a whole number.,exceeds,TX.3.3E,(breakouts probably require arrays or similar)
MH2_PK5_NumberSystemsandStructures_Fractions.docx,"Find a fraction of a number, quantity, or set.",Find a fraction of a whole number by using the number line.,provenance,,Precursor to
MH2_PK5_NumberSystemsandStructures_Fractions.docx,"Find a fraction of a number, quantity, or set.",Find a fraction of a set where the result is a fraction.,provenance,,Precursor to
MH2_PK5_NumberSystemsandStructures_Whole Numbers and Base Ten Structure.docx,Use place value to read and write numbers.,Identify place value units and understand that each one is composed of ten of the next smaller unit.,unclassified,,K-2
MH2_PK5_NumberSystemsandStructures_Whole Numbers and Base Ten Structure.docx,Use place value to read and write numbers.,Identify place value units and understand that each one is composed of ten of the next smaller unit.,unclassified,,3-5
MH2_PK5_NumberSystemsandStructures_Whole Numbers and Base Ten Structure.docx,Use place value to read and write numbers.,Determine the value represented by each digit of a number.,unclassified,,K-2
MH2_PK5_NumberSystemsandStructures_Whole Numbers and Base Ten Structure.docx,Use place value to read and write numbers.,Determine the value represented by each digit of a number.,unclassified,,3-5
MH2_PK5_NumberSystemsandStructures_Whole Numbers and Base Ten Structure.docx,Use place value to read and write numbers.,Read and write numbers in standard form.,unclassified,,K-2
MH2_PK5_NumberSystemsandStructures_Whole Numbers and Base Ten Structure.docx,Use place value to read and write numbers.,Read and write numbers in standard form.,unclassified,,3-5
MH2_PK5_NumberSystemsandStructures_Whole Numbers and Base Ten Structure.docx,Use place value to read and write numbers.,Read and write numbers in standard form.,unclassified,5.NBT.A.3,and 3a
MH2_PK5_NumberSystemsandStructures_Whole Numbers and Base Ten Structure.docx,Use place value to read and write numbers.,Read and write numbers in word form.,unclassified,,K-2
MH2_PK5_NumberSystemsandStructures_Whole Numbers and Base Ten Structure.docx,Use place value to read and write numbers.,Read and write numbers in word form.,unclassified,,3-5
MH2_PK5_NumberSystemsandStructures_Whole Numbers and Base Ten Structure.docx,Read and write numbers in expanded form.,Read and write numbers in expanded form by using addition.,scope,SC.3.NR.1.1,"(to 999,999)"
MH2_PK5_NumberSystemsandStructures_Whole Numbers and Base Ten Structure.docx,Read and write numbers in expanded form.,Read and write numbers in expanded form by using addition.,scope,SC.4.NR.1.1,"(to 999,999,999)"
MH2_PK5_NumberSystemsandStructures_Whole Numbers and Base Ten Structure.docx,Read and write numbers in expanded form.,Read and write numbers in expanded form by using addition.,scope,VA.3.NS.1.a,(six digit numbers)
MH2_PK5_NumberSystemsandStructures_Whole Numbers and Base Ten Structure.docx,Read and write numbers in expanded form.,Read and write numbers in expanded form by using multiplication and addition.,scope,SC.4.NR.1.1,"(to 999,999,999)"
MH2_PK5_NumberSystemsandStructures_Whole Numbers and Base Ten Structure.docx,"Represent, compose, and decompose numbers.","Represent, compose, and decompose whole numbers flexibly by using place value units.",provenance,,Most of the standards below are gaps that are probably addressed in other nodes but have implications here
MH2_PK5_NumberSystemsandStructures_Whole Numbers and Base Ten Structure.docx,"Represent, compose, and decompose numbers.","Represent, compose, and decompose whole numbers flexibly by using place value units.",unclassified,,(states that have PV standards in G3)
MH2_PK5_NumberSystemsandStructures_Whole Numbers and Base Ten Structure.docx,"Represent, compose, and decompose numbers.","Represent, compose, and decompose whole numbers flexibly by using place value units.",unclassified,MD.3.NOS.A.1,. and 1.b
MH2_PK5_NumberSystemsandStructures_Whole Numbers and Base Ten Structure.docx,"Represent, compose, and decompose numbers.","Represent, compose, and decompose whole numbers flexibly by using place value units.",unclassified,VA.3.NS.1.a,and 1.c
MH2_PK5_NumberSystemsandStructures_Whole Numbers and Base Ten Structure.docx,"Represent, compose, and decompose numbers.","Represent, compose, and decompose whole numbers flexibly by using place value units.",unclassified,,(K-1 number lines)
MH2_PK5_NumberSystemsandStructures_Whole Numbers and Base Ten Structure.docx,"Represent, compose, and decompose numbers.","Represent, compose, and decompose whole numbers flexibly by using place value units.",exceeds,,(number range is different from CCSS)
MH2_PK5_NumberSystemsandStructures_Whole Numbers and Base Ten Structure.docx,Compare and order numbers by using place value.,Compare whole numbers by using place value.,unclassified,KS.4.NBT.2,(≠)
MH2_PK5_NumberSystemsandStructures_Whole Numbers and Base Ten Structure.docx,Compare and order numbers by using place value.,Compare whole numbers by using place value.,unclassified,PA.M03.A-T.1.1.4,(ordering)
MH2_PK5_NumberSystemsandStructures_Whole Numbers and Base Ten Structure.docx,Compare and order numbers by using place value.,Compare whole numbers by using place value.,unclassified,VA.1.NS.2.f,(ordering)
MH2_PK5_NumberSystemsandStructures_Whole Numbers and Base Ten Structure.docx,Compare and order numbers by using place value.,Compare whole numbers by using place value.,unclassified,VA.3.NS.2.a,and 2.b
MH2_PK5_NumberSystemsandStructures_Whole Numbers and Base Ten Structure.docx,Compare and order numbers by using place value.,Order whole numbers by using place value.,unclassified,KS.4.NBT.2,(≠)
MH2_PK5_NumberSystemsandStructures_Whole Numbers and Base Ten Structure.docx,Compare and order numbers by using place value.,Order whole numbers by using place value.,unclassified,PA.M03.A-T.1.1.4,(ordering)
MH2_PK5_NumberSystemsandStructures_Whole Numbers and Base Ten Structure.docx,Compare and order numbers by using place value.,Order whole numbers by using place value.,unclassified,VA.1.NS.2.f,(ordering)
MH2_PK5_NumberSystemsandStructures_Whole Numbers and Base Ten Structure.docx,Compare and order numbers by using place value.,Order whole numbers by using place value.,unclassified,VA.3.NS.2.a,and 2.b
MH2_PK5_NumberSystemsandStructures_Whole Numbers and Base Ten Structure.docx,Compare and order numbers by using place value.,Compare decimal numbers by using place value.,scope,4.NF.C.7,(decimals to hundredths)
MH2_PK5_NumberSystemsandStructures_Whole Numbers and Base Ten Structure.docx,Compare and order numbers by using place value.,Compare decimal numbers by using place value.,scope,5.NBT.A.3,and 3.b (decimals to thousandths)
MH2_PK5_NumberSystemsandStructures_Whole Numbers and Base Ten Structure.docx,Compare and order numbers by using place value.,Order decimal numbers by using place value.,scope,4.NF.C.7,(decimals to hundredths)
MH2_PK5_NumberSystemsandStructures_Whole Numbers and Base Ten Structure.docx,Compare and order numbers by using place value.,Order decimal numbers by using place value.,scope,5.NBT.A.3,and 3.b (decimals to thousandths)
MH2_PK5_NumberSystemsandStructures_Whole Numbers and Base Ten Structure.docx,Round numbers by using place value.,Round numbers by using place value.,unclassified,OK.3.N.2.4,larger place values than core G3
MH2_PK5_NumberSystemsandStructures_Whole Numbers and Base Ten Structure.docx,Round numbers by using place value.,Round numbers by using place value.,unclassified,PA.M03.D-M.1.3.3,money amounts to nearest dollar
MH2_PK5_NumberSystemsandStructures_Whole Numbers and Base Ten Structure.docx,Round numbers by using place value.,Round numbers by using place value.,unclassified,VA.2.CE.1.a,VS.2.NS.1.g round to nearest 10 to estimate in word problems
MH2_PK5_NumberSystemsandStructures_Whole Numbers and Base Ten Structure.docx,Recognize and describe the relationships between place value units.,Describe the multiplicative relationships between non-adjacent place value units using standard form notation for whole-number powers of 10.,unclassified,,Extends
MH2_PK5_NumberSystemsandStructures_Whole Numbers and Base Ten Structure.docx,Recognize and describe the relationships between place value units.,Describe the multiplicative relationships between non-adjacent place value units using standard form notation for whole-number powers of 10.,unclassified,,Extends
MH2_PK5_NumberSystemsandStructures_Whole Numbers and Base Ten Structure.docx,Recognize and describe the relationships between place value units.,Write powers of 10 by using whole-number exponents .,unclassified,,"(FL, TX exponents in G6)"
MH2_PK5_NumberSystemsandStructures_Whole Numbers and Base Ten Structure.docx,Recognize and describe the relationships between place value units.,Describe the multiplicative relationships between non-adjacent place value units by using exponent notation for whole number powers of 10.,unclassified,,Extends
MH2_PK5_NumberSystemsandStructures_Whole Numbers and Base Ten Structure.docx,Recognize and describe the relationships between place value units.,Describe the multiplicative relationships between non-adjacent place value units by using exponent notation for whole number powers of 10.,unclassified,5.NBT.A.1,and
MH2_PK5_NumberSystemsandStructures_Whole Numbers and Base Ten Structure.docx,Recognize and describe the relationships between place value units.,Describe the multiplicative relationships between non-adjacent place value units by using exponent notation for whole number powers of 10.,unclassified,,"(FL, TX exponents in G6)"
MH2_PK5_Numbers Systems and Structures_Counting.docx,Say the numbers to 10 in the appropriate count sequence. (Megan-DONE),Say the numbers to 10 in the appropriate count sequence.,exceeds,TX.K.2A,(“to at least 20”)
MH2_PK5_Numbers Systems and Structures_Counting.docx,Say the numbers to 10 in the appropriate count sequence. (Megan-DONE),Say the numbers to 10 in the appropriate count sequence.,exceeds,MN.PK.M1.1,(“up to at least 29”)
MH2_PK5_Numbers Systems and Structures_Counting.docx,Skip-count by tens. (Megan-DONE),Skip-count by tens.,exceeds,SC.1.NR.2.2,—note this standard requires counting by tens from any multiple of five to 100
MH2_PK5_Numbers Systems and Structures_Counting.docx,"Count on from a given number by using spatial, auditory, or rhythmic patterns to keep track of how many have been counted. (Stella – DONE)","Count on from a given number by using spatial, auditory, or rhythmic patterns to keep track of how many have been counted.",unclassified,OR.PK.OA1,not numbered
MH2_PK5_Numbers Systems and Structures_Counting.docx,Skip-count by twos and fives. (Stella- DONE),Count a collection of objects efficiently by grouping the objects and skip-counting by twos.,unclassified,,Notes related to Standards
MH2_PK5_Numbers Systems and Structures_Counting.docx,Skip-count by twos and fives. (Stella- DONE),Count a collection of objects efficiently by grouping the objects and skip-counting by twos.,unclassified,,Counting by twos CCSSM standard is formally introduced in G2.
MH2_PK5_Numbers Systems and Structures_Counting.docx,Skip-count by twos and fives. (Stella- DONE),Count a collection of objects efficiently by grouping the objects and skip-counting by twos.,unclassified,,Skip-count by twos standard formally introduced in G1 in other states
MH2_PK5_Numbers Systems and Structures_Counting.docx,Skip-count by twos and fives. (Stella- DONE),Count a collection of objects efficiently by grouping the objects and skip-counting by fives.,unclassified,,Notes related to Standards
MH2_PK5_Numbers Systems and Structures_Counting.docx,Skip-count by twos and fives. (Stella- DONE),Count a collection of objects efficiently by grouping the objects and skip-counting by fives.,unclassified,,Counting by fives CCSSM standard is formally introduced in G2.
MH2_PK5_Numbers Systems and Structures_Counting.docx,Skip-count by twos and fives. (Stella- DONE),Count a collection of objects efficiently by grouping the objects and skip-counting by fives.,unclassified,,Skip-count by fives standard formally introduced in G1 in other states
MH2_PK5_Numbers Systems and Structures_Counting.docx,Count forward or backward from a given number. (Stella- DONE),Count forward or backward from a given number.,unclassified,,PreK Standard
MH2_PK5_Numbers Systems and Structures_Counting.docx,Count forward or backward from a given number. (Stella- DONE),Count forward or backward from a given number.,unclassified,SD.PK.CD-4.g,(count backward from 5 using fingers)
MH2_PK5_Numbers Systems and Structures_Counting.docx,Count forward or backward from a given number. (Stella- DONE),Count forward or backward from a given number.,unclassified,,G1 Standards
MH2_PK5_Numbers Systems and Structures_Subitization.docx,Determine how many objects are in a group of up to 5 objects without counting.,Determine how many objects are in a group of up to 5 objects without counting.,unclassified,,TX and CA do not differentiate between perceptual and conceptual subitizing.
MH2_PK5_Numbers Systems and Structures_Subitization.docx,Determine how many objects are in a group of up to 5 objects without counting.,Determine how many objects are in a group of up to 5 objects without counting.,scope,,"TX says a ""small group"" of objects. CA says a group of up to 5 objects."
MH2_PK5_Numbers Systems and Structures_Subitization.docx,Determine how many objects are in a group of up to 5 objects without counting.,Determine how many objects are in a group of up to 5 objects without counting.,unclassified,,WI calls out perceptual subitizing in GK under Counting and conceptual subitizing under operations.
MH2_PK5_Numbers Systems and Structures_Subitization.docx,Determine how many objects are in a group of up to 5 objects without counting.,Determine how many objects are in a group of up to 5 objects without counting.,unclassified,,ND and NE show a progression from K-2 by group size.
MH2_PK5_Numbers Systems and Structures_Subitization.docx,Determine how many objects are in a group of up to 5 objects without counting.,Determine how many objects are in a group of up to 5 objects without counting.,unclassified,,PTKLF 1.4
MH2_PK5_Numbers Systems and Structures_Subitization.docx,Determine how many objects are in a group without counting by recognizing and composing smaller groups.,Determine how many objects are in a group without counting by recognizing and composing smaller groups.,unclassified,,PTKLF 1.4
MH2_PK5_Numbers Systems and Structures_Subitization.docx,Determine how many objects are in a group without counting by recognizing and composing smaller groups.,Determine how many objects are in a group without counting by recognizing and composing smaller groups.,unclassified,NE.2.N.1.a,—this standard also cites multiplicative thinking and place value
MH2_PK5_OperationsAndEquations_MultiplicationAndDivisionWholeNumbers_LessonLadder.docx,Define division with unknown factor equations.,Use repeated subtraction to find the number of equal groups when given the total and the size of each group.,provenance,,Precursor to
MH2_PK5_OperationsAndEquations_MultiplicationAndDivisionWholeNumbers_LessonLadder.docx,Define division with unknown factor equations.,Use repeated subtraction to find the number of equal groups when given the total and the size of each group.,partial,TX.2.6B,(partially)
MH2_PK5_OperationsAndEquations_MultiplicationAndDivisionWholeNumbers_LessonLadder.docx,Define division with unknown factor equations.,Represent and explain division as an unknown factor problem.,partial,TX.2.6B,(partially)
MH2_PK5_OperationsAndEquations_MultiplicationAndDivisionWholeNumbers_LessonLadder.docx,Define division with unknown factor equations.,Represent and explain division as an unknown factor problem.,partial,TX.3.4J,(partially)
MH2_PK5_OperationsAndEquations_MultiplicationAndDivisionWholeNumbers_LessonLadder.docx,Define division with unknown factor equations.,"Divide by using the relationship between multiplication and division, making equal groups, and skip-counting.",partial,TX.2.6B,(partially)
MH2_PK5_OperationsAndEquations_MultiplicationAndDivisionWholeNumbers_LessonLadder.docx,Define division with unknown factor equations.,"Divide by using the relationship between multiplication and division, making equal groups, and skip-counting.",partial,TX.3.4J,(partially)
MH2_PK5_OperationsAndEquations_MultiplicationAndDivisionWholeNumbers_LessonLadder.docx,Define division with unknown factor equations.,"Divide by using the relationship between multiplication and division, making equal groups, and skip-counting.",unclassified,TX.3.4I,(odd/even with divisibility)
MH2_PK5_OperationsAndEquations_MultiplicationAndDivisionWholeNumbers_LessonLadder.docx,Develop and apply properties of operations to multiply and divide (exact division),Apply properties of operations as multiplication strategies.,partial,IN.4.CA.3,(does not include distributive property)
MH2_PK5_OperationsAndEquations_MultiplicationAndDivisionWholeNumbers_LessonLadder.docx,Develop and apply properties of operations to multiply and divide (exact division),Apply properties of operations as multiplication strategies.,partial,MN.3.3.6.3,(does not include distributive property)
MH2_PK5_OperationsAndEquations_MultiplicationAndDivisionWholeNumbers_LessonLadder.docx,Develop and apply properties of operations to multiply and divide (exact division),Multiply one-digit whole numbers by multiples of 10 less than 100.,scope,SC.4.PAFR.1.2,(1-digit x multiple of 10 (10-90) and 100 (100-900)
MH2_PK5_OperationsAndEquations_MultiplicationAndDivisionWholeNumbers_LessonLadder.docx,Fluently multiply and divide whole numbers.,Generate factor pairs for a whole number.,scope,FL.4.AR.3.1,(to 144)
MH2_PK5_OperationsAndEquations_MultiplicationAndDivisionWholeNumbers_LessonLadder.docx,Fluently multiply and divide whole numbers.,Identify prime and composite numbers.,scope,FL.4.AR.3.1,(to 144)
MH2_PK5_OperationsAndEquations_MultiplicationAndDivisionWholeNumbers_LessonLadder.docx,Interpret a whole-number multiplication equation as a comparison.,Solve problems involving multiplicative comparisons.,unclassified,,Related to
MH2_PK5_OperationsAndEquations_MultiplicationAndDivisionWholeNumbers_LessonLadder.docx,Interpret a whole-number multiplication equation as a comparison.,Solve problems involving multiplicative comparisons.,unclassified,TX.3.5B,and
MH2_PK5_OperationsAndEquations_MultiplicationAndDivisionWholeNumbers_LessonLadder.docx,Develop the standard algorithm for multiplying multi-digit numbers.,Multiply a multi-digit whole number by a single-digit whole number by using strategies based on place value concepts and the properties of operations.,scope,4.NBT.B.5,"(up to 4 digits x 1 digit, 2-digit x 2-digit)"
MH2_PK5_OperationsAndEquations_MultiplicationAndDivisionWholeNumbers_LessonLadder.docx,Develop the standard algorithm for multiplying multi-digit numbers.,Multiply a multi-digit whole number by a single-digit whole number by using strategies based on place value concepts and the properties of operations.,scope,FL.4.NSO.2.2,"(up to 3-digit x up to 2-digit, reliability)"
MH2_PK5_OperationsAndEquations_MultiplicationAndDivisionWholeNumbers_LessonLadder.docx,Develop the standard algorithm for multiplying multi-digit numbers.,Multiply a multi-digit whole number by a single-digit whole number by using strategies based on place value concepts and the properties of operations.,scope,TX.4.4D,"up to 4-digit x 1-digit, 2-digit x 2-digit"
MH2_PK5_OperationsAndEquations_MultiplicationAndDivisionWholeNumbers_LessonLadder.docx,Develop the standard algorithm for multiplying multi-digit numbers.,Multiply a multi-digit whole number by a single-digit whole number by using strategies based on place value concepts and the properties of operations.,scope,OK.4.N.2.3,"(estimate 3-digit x 1-digit, 2-digit x 2-digit)"
MH2_PK5_OperationsAndEquations_MultiplicationAndDivisionWholeNumbers_LessonLadder.docx,Develop the standard algorithm for multiplying multi-digit numbers.,Multiply a multi-digit whole number by a single-digit whole number and record the partial products in vertical form.,scope,4.NBT.B.5,"(up to 4 digits x 1 digit, 2-digit x 2-digit)"
MH2_PK5_OperationsAndEquations_MultiplicationAndDivisionWholeNumbers_LessonLadder.docx,Develop the standard algorithm for multiplying multi-digit numbers.,Multiply a multi-digit whole number by a single-digit whole number and record the partial products in vertical form.,scope,FL.4.NSO.2.2,"(up to 3-digit x up to 2-digit, reliability)"
MH2_PK5_OperationsAndEquations_MultiplicationAndDivisionWholeNumbers_LessonLadder.docx,Develop the standard algorithm for multiplying multi-digit numbers.,Multiply a multi-digit whole number by a single-digit whole number and record the partial products in vertical form.,unclassified,FL.4.NSO.2.5,explore multi-digit using estimation
MH2_PK5_OperationsAndEquations_MultiplicationAndDivisionWholeNumbers_LessonLadder.docx,Develop the standard algorithm for multiplying multi-digit numbers.,Multiply a multi-digit whole number by a single-digit whole number and record the partial products in vertical form.,scope,TX.4.4D,"up to 4-digit x 1-digit, 2-digit x 2-digit"
MH2_PK5_OperationsAndEquations_MultiplicationAndDivisionWholeNumbers_LessonLadder.docx,Develop the standard algorithm for multiplying multi-digit numbers.,Multiply a multi-digit whole number by a single-digit whole number and record the partial products in vertical form.,scope,OK.4.N.2.3,"(estimate 3-digit x 1-digit, 2-digit x 2-digit)"
MH2_PK5_OperationsAndEquations_MultiplicationAndDivisionWholeNumbers_LessonLadder.docx,Develop the standard algorithm for multiplying multi-digit numbers.,Multiply a multi-digit whole number by a two-digit whole number by using strategies based on place value concepts and the properties of operations.,scope,4.NBT.B.5,"(up to 4 digits x 1 digit, 2-digit x 2-digit)"
MH2_PK5_OperationsAndEquations_MultiplicationAndDivisionWholeNumbers_LessonLadder.docx,Develop the standard algorithm for multiplying multi-digit numbers.,Multiply a multi-digit whole number by a two-digit whole number by using strategies based on place value concepts and the properties of operations.,scope,FL.4.NSO.2.2,"(up to 3-digit x up to 2-digit, reliability)"
MH2_PK5_OperationsAndEquations_MultiplicationAndDivisionWholeNumbers_LessonLadder.docx,Develop the standard algorithm for multiplying multi-digit numbers.,Multiply a multi-digit whole number by a two-digit whole number by using strategies based on place value concepts and the properties of operations.,scope,FL.4.NSO.2.3,"(2-digit x 2-digit, fluency)"
MH2_PK5_OperationsAndEquations_MultiplicationAndDivisionWholeNumbers_LessonLadder.docx,Develop the standard algorithm for multiplying multi-digit numbers.,Multiply a multi-digit whole number by a two-digit whole number by using strategies based on place value concepts and the properties of operations.,scope,FL.5.NSO.2.1,"multi-digit SA, fluency"
MH2_PK5_OperationsAndEquations_MultiplicationAndDivisionWholeNumbers_LessonLadder.docx,Develop the standard algorithm for multiplying multi-digit numbers.,Multiply a multi-digit whole number by a two-digit whole number by using strategies based on place value concepts and the properties of operations.,scope,TX.4.4C,(2-digit x 2-digit)
MH2_PK5_OperationsAndEquations_MultiplicationAndDivisionWholeNumbers_LessonLadder.docx,Develop the standard algorithm for multiplying multi-digit numbers.,Multiply a multi-digit whole number by a two-digit whole number by using strategies based on place value concepts and the properties of operations.,scope,TX.4.4D,"up to 4-digit x 1-digit, 2-digit x 2-digit"
MH2_PK5_OperationsAndEquations_MultiplicationAndDivisionWholeNumbers_LessonLadder.docx,Develop the standard algorithm for multiplying multi-digit numbers.,Multiply a multi-digit whole number by a two-digit whole number by using strategies based on place value concepts and the properties of operations.,scope,OK.4.N.2.3,"(estimate 3-digit x 1-digit, 2-digit x 2-digit)"
MH2_PK5_OperationsAndEquations_MultiplicationAndDivisionWholeNumbers_LessonLadder.docx,Develop the standard algorithm for multiplying multi-digit numbers.,Multiply a multi-digit whole number by a two-digit whole number by using strategies based on place value concepts and the properties of operations.,scope,MD.4.NOS.B.4,(multi-digit x multiple of 10)
MH2_PK5_OperationsAndEquations_MultiplicationAndDivisionWholeNumbers_LessonLadder.docx,Develop the standard algorithm for multiplying multi-digit numbers.,Multiply two multi-digit whole numbers and record in vertical form.,scope,4.NBT.B.5,"(up to 4 digits x 1 digit, 2-digit x 2-digit)"
MH2_PK5_OperationsAndEquations_MultiplicationAndDivisionWholeNumbers_LessonLadder.docx,Develop the standard algorithm for multiplying multi-digit numbers.,Multiply two multi-digit whole numbers and record in vertical form.,unclassified,5.NBT.B.5,(fluently multi-digit SA)
MH2_PK5_OperationsAndEquations_MultiplicationAndDivisionWholeNumbers_LessonLadder.docx,Develop the standard algorithm for multiplying multi-digit numbers.,Multiply two multi-digit whole numbers and record in vertical form.,scope,FL.4.NSO.2.2,"(up to 3-digit x up to 2-digit, reliability)"
MH2_PK5_OperationsAndEquations_MultiplicationAndDivisionWholeNumbers_LessonLadder.docx,Develop the standard algorithm for multiplying multi-digit numbers.,Multiply two multi-digit whole numbers and record in vertical form.,scope,FL.4.NSO.2.3,"(2-digit x 2-digit, fluency)"
MH2_PK5_OperationsAndEquations_MultiplicationAndDivisionWholeNumbers_LessonLadder.docx,Develop the standard algorithm for multiplying multi-digit numbers.,Multiply two multi-digit whole numbers and record in vertical form.,scope,FL.5.NSO.2.1,"multi-digit SA, fluency"
MH2_PK5_OperationsAndEquations_MultiplicationAndDivisionWholeNumbers_LessonLadder.docx,Develop the standard algorithm for multiplying multi-digit numbers.,Multiply two multi-digit whole numbers and record in vertical form.,scope,TX.4.4C,(2-digit x 2-digit)
MH2_PK5_OperationsAndEquations_MultiplicationAndDivisionWholeNumbers_LessonLadder.docx,Develop the standard algorithm for multiplying multi-digit numbers.,Multiply two multi-digit whole numbers and record in vertical form.,scope,TX.4.4D,"up to 4-digit x 1-digit, 2-digit x 2-digit"
MH2_PK5_OperationsAndEquations_MultiplicationAndDivisionWholeNumbers_LessonLadder.docx,Develop the standard algorithm for multiplying multi-digit numbers.,Multiply two multi-digit whole numbers and record in vertical form.,scope,TX.5.3B,"3-digit x 2-digit, fluency, SA"
MH2_PK5_OperationsAndEquations_MultiplicationAndDivisionWholeNumbers_LessonLadder.docx,Develop the standard algorithm for multiplying multi-digit numbers.,Multiply two multi-digit whole numbers and record in vertical form.,scope,OK.4.N.2.3,"(estimate 3-digit x 1-digit, 2-digit x 2-digit)"
MH2_PK5_OperationsAndEquations_MultiplicationAndDivisionWholeNumbers_LessonLadder.docx,Develop the standard algorithm for multiplying multi-digit numbers.,Multiply two multi-digit whole numbers by using the standard algorithm.,scope,4.NBT.B.5,"(up to 4 digits x 1 digit, 2-digit x 2-digit)"
MH2_PK5_OperationsAndEquations_MultiplicationAndDivisionWholeNumbers_LessonLadder.docx,Develop the standard algorithm for multiplying multi-digit numbers.,Multiply two multi-digit whole numbers by using the standard algorithm.,unclassified,5.NBT.B.5,(fluently multi-digit SA)
MH2_PK5_OperationsAndEquations_MultiplicationAndDivisionWholeNumbers_LessonLadder.docx,Develop the standard algorithm for multiplying multi-digit numbers.,Multiply two multi-digit whole numbers by using the standard algorithm.,scope,FL.4.NSO.2.2,"(up to 3-digit x up to 2-digit, reliability)"
MH2_PK5_OperationsAndEquations_MultiplicationAndDivisionWholeNumbers_LessonLadder.docx,Develop the standard algorithm for multiplying multi-digit numbers.,Multiply two multi-digit whole numbers by using the standard algorithm.,scope,FL.4.NSO.2.3,"(2-digit x 2-digit, fluency)"
MH2_PK5_OperationsAndEquations_MultiplicationAndDivisionWholeNumbers_LessonLadder.docx,Develop the standard algorithm for multiplying multi-digit numbers.,Multiply two multi-digit whole numbers by using the standard algorithm.,scope,FL.5.NSO.2.1,"multi-digit SA, fluency"
MH2_PK5_OperationsAndEquations_MultiplicationAndDivisionWholeNumbers_LessonLadder.docx,Develop the standard algorithm for multiplying multi-digit numbers.,Multiply two multi-digit whole numbers by using the standard algorithm.,scope,TX.4.4C,(2-digit x 2-digit)
MH2_PK5_OperationsAndEquations_MultiplicationAndDivisionWholeNumbers_LessonLadder.docx,Develop the standard algorithm for multiplying multi-digit numbers.,Multiply two multi-digit whole numbers by using the standard algorithm.,scope,TX.4.4D,"up to 4-digit x 1-digit, 2-digit x 2-digit"
MH2_PK5_OperationsAndEquations_MultiplicationAndDivisionWholeNumbers_LessonLadder.docx,Develop the standard algorithm for multiplying multi-digit numbers.,Multiply two multi-digit whole numbers by using the standard algorithm.,scope,TX.5.3B,"3-digit x 2-digit, fluency, SA"
MH2_PK5_OperationsAndEquations_MultiplicationAndDivisionWholeNumbers_LessonLadder.docx,Develop the standard algorithm for multiplying multi-digit numbers.,Multiply two multi-digit whole numbers by using the standard algorithm.,scope,OK.4.N.2.3,"(estimate 3-digit x 1-digit, 2-digit x 2-digit)"
MH2_PK5_OperationsAndEquations_MultiplicationAndDivisionWholeNumbers_LessonLadder.docx,Divide multi-digit whole numbers by single-digit whole numbers in problems with whole-number quotients.,Divide multi-digit whole numbers by single-digit whole numbers in problems with whole-number quotients by using strategies based on place value concepts and the properties of operations.,scope,FL.4.NSO.2.4,"(up to 4 by 1, procedural reliability, remainder as fraction)"
MH2_PK5_OperationsAndEquations_MultiplicationAndDivisionWholeNumbers_LessonLadder.docx,Divide multi-digit whole numbers by single-digit whole numbers in problems with whole-number quotients.,Divide multi-digit whole numbers by single-digit whole numbers in problems with whole-number quotients by using strategies based on place value concepts and the properties of operations.,scope,TX.4.4E,"(up to 4 by 1, using arrays, area models, equations)"
MH2_PK5_OperationsAndEquations_MultiplicationAndDivisionWholeNumbers_LessonLadder.docx,Divide multi-digit whole numbers by single-digit whole numbers in problems with whole-number quotients.,Divide multi-digit whole numbers by single-digit whole numbers in problems with whole-number quotients by using strategies based on place value concepts and the properties of operations.,unclassified,OK.5.N.2.2,"(no related G4 standard, all in G5 in OK)"
MH2_PK5_OperationsAndEquations_MultiplicationAndDivisionWholeNumbers_LessonLadder.docx,Divide multi-digit whole numbers by single-digit whole numbers in problems with whole-number quotients.,Divide multi-digit whole numbers by single-digit whole numbers by recording partial quotients in vertical form for problems with whole-number quotients.,scope,FL.4.NSO.2.4,"(up to 4 by 1, procedural reliability, remainder as fraction)"
MH2_PK5_OperationsAndEquations_MultiplicationAndDivisionWholeNumbers_LessonLadder.docx,Divide multi-digit whole numbers by single-digit whole numbers in problems with whole-number quotients.,Divide multi-digit whole numbers by single-digit whole numbers by recording partial quotients in vertical form for problems with whole-number quotients.,unclassified,TX.4.4F,(use strategies and algorithms)
MH2_PK5_OperationsAndEquations_MultiplicationAndDivisionWholeNumbers_LessonLadder.docx,Divide multi-digit whole numbers by single-digit whole numbers in problems with whole-number quotients.,Divide multi-digit whole numbers by single-digit whole numbers by recording partial quotients in vertical form for problems with whole-number quotients.,unclassified,OK.5.N.2.2,"(no related G4 standard, all in G5 in OK)"
MH2_PK5_OperationsAndEquations_MultiplicationAndDivisionWholeNumbers_LessonLadder.docx,Find whole-number quotients and remainders with multi-digit dividends and one-digit divisors.,Find whole-number quotients and remainders with multi-digit dividends and one-digit divisors by using strategies based on place value concepts and the properties of operations.,scope,FL.4.NSO.2.4,"(up to 4 by 1, procedural reliability, remainder as fraction)"
MH2_PK5_OperationsAndEquations_MultiplicationAndDivisionWholeNumbers_LessonLadder.docx,Find whole-number quotients and remainders with multi-digit dividends and one-digit divisors.,Find whole-number quotients and remainders with multi-digit dividends and one-digit divisors by using strategies based on place value concepts and the properties of operations.,scope,TX.4.4E,"(up to 4 by 1, using arrays, area models, equations)"
MH2_PK5_OperationsAndEquations_MultiplicationAndDivisionWholeNumbers_LessonLadder.docx,Find whole-number quotients and remainders with multi-digit dividends and one-digit divisors.,Find whole-number quotients and remainders with multi-digit dividends and one-digit divisors by using strategies based on place value concepts and the properties of operations.,unclassified,OK.5.N.2.2,"(no related G4 standard, all in G5 in OK)"
MH2_PK5_OperationsAndEquations_MultiplicationAndDivisionWholeNumbers_LessonLadder.docx,Find whole-number quotients and remainders with multi-digit dividends and one-digit divisors.,Find whole-number quotients and remainders with multi-digit dividends and one-digit divisors by recording the partial quotients in vertical form.,scope,FL.4.NSO.2.4,"(up to 4 by 1, procedural reliability, remainder as fraction)"
MH2_PK5_OperationsAndEquations_MultiplicationAndDivisionWholeNumbers_LessonLadder.docx,Find whole-number quotients and remainders with multi-digit dividends and one-digit divisors.,Find whole-number quotients and remainders with multi-digit dividends and one-digit divisors by recording the partial quotients in vertical form.,unclassified,TX.4.4F,(use strategies and algorithms)
MH2_PK5_OperationsAndEquations_MultiplicationAndDivisionWholeNumbers_LessonLadder.docx,Find whole-number quotients and remainders with multi-digit dividends and one-digit divisors.,Find whole-number quotients and remainders with multi-digit dividends and one-digit divisors by recording the partial quotients in vertical form.,unclassified,OK.5.N.2.2,"(no related G4 standard, all in G5 in OK)"
MH2_PK5_OperationsAndEquations_MultiplicationAndDivisionWholeNumbers_LessonLadder.docx,Find whole-number quotients and remainders with multi-digit dividends and one-digit divisors.,Interpret remainders in context.,scope,FL.4.AR.1.1,"(WP, interpret remainder in context)"
MH2_PK5_OperationsAndEquations_MultiplicationAndDivisionWholeNumbers_LessonLadder.docx,Find whole-number quotients and remainders with multi-digit dividends and one-digit divisors.,Interpret remainders in context.,unclassified,TX.4.4H,"(WP, include interpreting remainders)"
MH2_PK5_OperationsAndEquations_MultiplicationAndDivisionWholeNumbers_LessonLadder.docx,Find whole-number quotients and remainders with multi-digit dividends and multi-digit divisors.,Find whole-number quotients and remainders with multi-digit dividends and two-digit divisors by using strategies based on place value concepts and the properties of operations.,scope,5.NBT.B.6,"(up to 4 by 2, strategies)"
MH2_PK5_OperationsAndEquations_MultiplicationAndDivisionWholeNumbers_LessonLadder.docx,Find whole-number quotients and remainders with multi-digit dividends and multi-digit divisors.,Find whole-number quotients and remainders with multi-digit dividends and two-digit divisors by using strategies based on place value concepts and the properties of operations.,scope,FL.5.NSO.2.2,"(5-digit dividend, SA, remainder as fraction)"
MH2_PK5_OperationsAndEquations_MultiplicationAndDivisionWholeNumbers_LessonLadder.docx,Find whole-number quotients and remainders with multi-digit dividends and multi-digit divisors.,Find whole-number quotients and remainders with multi-digit dividends and two-digit divisors by using strategies based on place value concepts and the properties of operations.,scope,TX.5.3C,"(4-digit dividend, SA)"
MH2_PK5_OperationsAndEquations_MultiplicationAndDivisionWholeNumbers_LessonLadder.docx,Find whole-number quotients and remainders with multi-digit dividends and multi-digit divisors.,Find whole-number quotients and remainders with multi-digit dividends and two-digit divisors by using strategies based on place value concepts and the properties of operations.,scope,OK.5.N.2.2,"(multi-digit dividend, strategies including SA)"
MH2_PK5_OperationsAndEquations_MultiplicationAndDivisionWholeNumbers_LessonLadder.docx,Find whole-number quotients and remainders with multi-digit dividends and multi-digit divisors.,Find whole-number quotients and remainders with multi-digit dividends and two-digit divisors by recording the partial quotients in vertical form.,scope,5.NBT.B.6,"(up to 4 by 2, strategies)"
MH2_PK5_OperationsAndEquations_MultiplicationAndDivisionWholeNumbers_LessonLadder.docx,Find whole-number quotients and remainders with multi-digit dividends and multi-digit divisors.,Find whole-number quotients and remainders with multi-digit dividends and two-digit divisors by recording the partial quotients in vertical form.,scope,FL.5.NSO.2.2,"(5-digit dividend, SA, remainder as fraction)"
MH2_PK5_OperationsAndEquations_MultiplicationAndDivisionWholeNumbers_LessonLadder.docx,Find whole-number quotients and remainders with multi-digit dividends and multi-digit divisors.,Find whole-number quotients and remainders with multi-digit dividends and two-digit divisors by recording the partial quotients in vertical form.,scope,TX.5.3C,"(4-digit dividend, SA)"
MH2_PK5_OperationsAndEquations_MultiplicationAndDivisionWholeNumbers_LessonLadder.docx,Find whole-number quotients and remainders with multi-digit dividends and multi-digit divisors.,Find whole-number quotients and remainders with multi-digit dividends and two-digit divisors by recording the partial quotients in vertical form.,scope,OK.5.N.2.2,"(multi-digit dividend, strategies including SA)"
MH2_PK5_OperationsAndEquations_MultiplicationAndDivisionWholeNumbers_LessonLadder.docx,Find whole-number quotients and remainders with multi-digit dividends and multi-digit divisors.,Express the result of division with remainder as a mixed number.,scope,5.NBT.B.6,"(up to 4 by 2, strategies)"
MH2_PK5_OperationsAndEquations_MultiplicationAndDivisionWholeNumbers_LessonLadder.docx,Find whole-number quotients and remainders with multi-digit dividends and multi-digit divisors.,Express the result of division with remainder as a mixed number.,scope,FL.5.NSO.2.2,"(5-digit dividend, SA, remainder as fraction)"
MH2_PK5_OperationsAndEquations_MultiplicationAndDivisionWholeNumbers_LessonLadder.docx,Find whole-number quotients and remainders with multi-digit dividends and multi-digit divisors.,Find mixed-number quotients and remainders with multi-digit dividends and divisors by using the standard algorithm.,unclassified,6.NS.B.2,"(std alg, whole numbers)"
MH2_PK5_OperationsAndEquations_MultiplicationAndDivisionWholeNumbers_LessonLadder.docx,Find whole-number quotients and remainders with multi-digit dividends and multi-digit divisors.,Find mixed-number quotients and remainders with multi-digit dividends and divisors by using the standard algorithm.,scope,FL.5.NSO.2.2,"(5-digit dividend, SA)"
MH2_PK5_OperationsAndEquations_MultiplicationAndDivisionWholeNumbers_LessonLadder.docx,Find whole-number quotients and remainders with multi-digit dividends and multi-digit divisors.,Find mixed-number quotients and remainders with multi-digit dividends and divisors by using the standard algorithm.,scope,TX.5.3C,"(4-digit dividend, SA)"
MH2_PK5_OperationsAndEquations_MultiplicationAndDivisionWholeNumbers_LessonLadder.docx,Find whole-number quotients and remainders with multi-digit dividends and multi-digit divisors.,Find mixed-number quotients and remainders with multi-digit dividends and divisors by using the standard algorithm.,scope,OK.5.N.2.2,"(multi-digit dividend, strategies including SA)"
