state,grade,code,description
AK,1,AK.1.CC.2,"Use ordinal numbers correctly when identifying object position (e.g., first, second, third, etc.)."
AK,1,AK.1.CC.3,Order numbers from 1–100. Demonstrate ability in counting forward and backward.
AK,PK,AK.PK.34.12,"Verbally count beyond 20, demonstrating an understanding of the number pattern."
AK,PK,AK.PK.35.6,Build block buildings and include such structural features as arches and ramps.
AL,1,AL.1.NBT.10.a,"Count forward and backward by ones, starting at any number less than 120."
AL,K,AL.K.FC.1,Count forward orally from 0 to 100 by ones and by tens. Count backward orally from 10 to 0 by ones.
AL,PK,AL.PK.MAT4aOP-4,Show a beginning awareness of the concept of time as a sequence of events.
AR,K,AR.K.NPV.3,"Identify the position of objects in a set using ordinal numbers (first, second, third, etc.)."
AZ,5,AZ.5.OA.B.4,Understand primes have only two factors and decompose numbers into prime factors.
CA,2,CA.2.NBT.7.1,Use estimation strategies to make reasonable estimates in problem solving.
CA,5,CA.5.OA.2.1,Express a whole number in the range 2-50 as a product of its prime factors.
CA,K,CA.K.CC.6,"Identify whether the number of objects in one group is greater than, less than, or equal to the number of objects in another group, e.g., by using matching and counting strategies."
CO,PK,CO.PK.CC.D.8,Identify and use numbers related to order or position from first to fifth.
FL,1,FL.1.NSO.1.1,"Starting at a given number, count forward and backwards within 120 by ones. Skip count by 2s to 20 and by 5s to 100."
FL,2,FL.2.NSO.1.3,"Plot, order and compare whole numbers up to 1,000."
FL,4,FL.4.M.1.2,"Convert within a single system of measurement using the units: yards, feet, inches; kilometers, meters, centimeters, millimeters; pounds, ounces; kilograms, grams; gallons, quarts, pints, cups; liter, milliliter; and hours, minutes, seconds."
FL,4,FL.4.M.2.1,Solve two-step real-world problems involving distances and intervals of time using any combination of the four operations.
FL,4,FL.4.NSO.2.1,Recall multiplication facts with factors up to 12 and related division facts with automaticity.
FL,K,FL.K.NSO.1.3,"Identify positions of objects within a sequence using the words “first,” “second,” “third,” “fourth” or “fifth.”"
FL,K,FL.K.NSO.1.4,"Compare the number of objects from 0 to 20 in two groups using the terms less than, equal to or greater than."
GA,4,GA.4.MDR.6.1,"Use the four operations to solve problems involving elapsed time to the nearest minute, intervals of time, metric measurements of liquid volumes, lengths, distances, and masses of objects, including problems involving fractions with like denominators, and also problems that require expressing measurements given in a larger unit in terms of a smaller unit, and expressing a smaller unit in terms of a larger unit based on the idea of equivalence."
GA,PK,GA.PK.CD-MA3.4d,Associates and describes the passage of time with actual events.
GA,PK,GA.PK.CD-MA7.4a,Estimates using mathematical terms and understands how to check the estimate.
IA,2,IA.2.MD.C.IA.1,"Describe the relationship among standard units of time: minutes, hours, days, weeks, months, and years"
IA,PK,IA.PK.7.4.PS.6,"The child develops an awareness of simple time concepts within his or her daily life such as day, night; and sequence of usual daily events, such as breakfast, lunch, dinner, bedtime; outdoor time follows snack; and brushing teeth after a meal."
IA,PK,IA.PK.7.5.PS.3,"The child compares and orders such as most to least, same amount as, and least to most."
ID,K,ID.K.CC.A.2,"Starting at a given number, count forward within 100 and backward within 20."
IN,1,IN.1.NS.3,"Match the ordinal numbers (e.g., first, second, third) with an ordered set of up to 20 items."
IN,2,IN.2.M.5,"Describe relationships of time, including seconds in a minute; minutes in an hour; hours in a day; days in a week; and days, weeks, and months in a year."
IN,5,IN.5.NS.1,"Use a number line to compare and order fractions, mixed numbers, and decimals to thousandths. Write the results using >, =, and < symbols."
IN,K,IN.K.M.2,"Identify and use appropriate terms to describe intervals of time including: morning, afternoon, evening, today, yesterday, tomorrow, day, week, month, and year; describe how calendars and clocks are tools to measure time."
IN,PK,IN.PK.M1.3,Demonstrate the understanding of the concept of before.
KY,K,KY.K.CC.1.b,Count backwards from 30 by ones.
KY,PK,KY.PK.1.4.4,Shows awareness of simple time concepts.
KY,PK,KY.PK.1.4.5,Demonstrates understanding of the sequence of events and relative length of time associated with some common activities.
MA,4,MA.4.OA.A.3.a,Know multiplication facts and related division facts through 12 × 12.
MD,1,MD.1.GR.C.5,"Tell time in hours, half hours, and quarter hours using a digital clock or analog clock. Estimate time intervals (1 hour, 30 minutes, 15 minutes, 1 minute) for activities (e.g., sharpen pencil, soccer game, etc.)"
MD,1,MD.1.NOS.B.6,"Estimate the location of numbers on a number line by reasoning about their relationship to benchmark numbers (e.g. 10, 50, 100)."
MD,2,MD.2.NOS.A.2.a,"Skip-count forward and backwards by 2s, 5s, 10s, and 100s."
MD,2,MD.2.NOS.A.5,"Estimate quantities by reasoning about their location on a number line, their relationship to benchmark numbers (e.g. 10, 50, 100), and to assess reasonableness of sums and differences."
MD,K,MD.K.NOS.B.8,Recognize the number of objects in a set without counting (subitizing) with both unfamiliar patterns and familiar patterns within 6
MD,PK,MD.PK.NOS.A.2,Count backward from 10 by ones
MN,1,MN.1.3.5.1,Count collections of objects up to 120 using groups of 5s or 10s.
MN,4,MN.4.3.5.5,"Fluently multiply two numbers from 0 to 12 using flexible strategies based on the associative, commutative and distributive properties of multiplication."
MN,PK,MN.PK.M1.14,"Recites number word aloud, forward, up to at least 29 (allow for some mistakes), without objects"
MN,PK,MN.PK.M11.7,Draws a simple map
MN,PK,MN.PK.M11.8,"Matches 2 dimensional (2D) map with surrounding 3 dimensional (3D) layout Include this: (involves transformation, scale, dimension, and orientation distance)"
MO,5,MO.5.NF.A.3,"Compare and order fractions and/or decimals to the thousandths place using the symbols >, = or <, and justify the solution."
MT,PK,MT.PK.4.14.h,Experiment with mapping skills.
ND,1,ND.1.NO.CC.4,"Recognize and verbally label arrangements, without counting, for briefly shown collections up to 20 (e.g., “I saw 16.” How do you know?” “I saw 10 and 6, that is 16.”)."
ND,1,ND.1.NO.CC.5,Skip count forward and backward by 5s and 10s from multiples and recognize the patterns of up to 10 skip counts.
ND,5,ND.5.AR.OA.1,Automatically multiply and divide through 12 × 12.
ND,5,ND.5.NO.NF.1,"Generate equivalent forms of commonly used fractions and decimals (e.g., halves, fourths, fifths, tenths)."
ND,K,ND.K.NO.CC.2,Count backward from 20 by ones and from a given number within 10.
ND,K,ND.K.NO.CC.4,"Recognize and verbally label arrangements, without counting, for briefly shown collections up to 10 (e.g., “I saw 5.” How do you know?” “I saw 3 and 2, that is 5.”)."
NE,1,NE.1.N.1.a,"Without counting, recognize and verbally label arrangements for briefly shown collections up to 20 (e.g.,” I saw 16.” “How did you know?” “I saw 10 and 6, that is 16”)."
NE,1,NE.1.N.2.b,"Count verbally by ones and tens within 120 starting at any given number. Understand that the given number is a direct representation of the total objects in a given set and counting on each successive number represents adding an additional object, and counting back each proceeding number represents removing an object."
NE,2,NE.2.N.1.a,"Without counting, recognize and verbally label structured arrangements for briefly shown collections using groups, multiplicative thinking, and place value (e.g.,” I saw 48.” “How did you know?” “I saw 4 groups of 10 and 2 groups of 4 is 8...4 tens and 8 ones...48”)."
NE,5,NE.5.N.2.b,"Represent and justify comparisons of whole numbers, fractions, mixed numbers, and decimals through the thousandths place using number lines, reasoning strategies, and/or equivalence."
NE,K,NE.K.N.1.a,"Without counting, recognize and verbally label arrangements for briefly shown collections up to 10 (e.g., “I saw 5.” “How did you know?” “I saw 3 and 2, that is 5.”)."
NY,K,NY.K.CC.4.d,Understand the concept of ordinal numbers (first through tenth) to describe the relative position and magnitude of whole numbers.
OK,4,OK.4.GM.3.2,"Convert one measure of time to another including seconds to minutes, minutes to hours, hours to days, and vice versa, using various models."
OK,4,OK.4.N.2.1,Demonstrate fluency with multiplication and division facts with factors up to 12.
OK,4,OK.4.N.3.9,"Compare and order benchmark fractions (0, 1/4, 1/3, 1/2, 2/3, 3/4, 1) and decimals (0, 0.25, 0.50, 0.75, 1.00) in a variety of representations."
OK,5,OK.5.N.1.3,"Compare and order decimals and fractions, including mixed numbers and fractions less than one, and locate on a number line."
OK,5,OK.5.N.1.4,"Recognize and generate equivalent terminating decimals, fractions, mixed numbers, and fractions in various models."
OK,K,OK.K.N.1.3,Use ordinal numbers to represent the position of an object in a sequence up to 10.
OK,K,OK.K.N.1.4,Recognize without counting (subitize) the quantity of a small group of objects in organized and random arrangements up to 10.
RI,4,RI.4.OA.A.3.a,Know multiplication facts and related division facts through 12 x 12.
SC,5,SC.5.MGSR.2.1,"Given the unit equivalencies, convert within a single system of measurement from larger units to smaller units and smaller units to larger units for length, weight, liquid volume, and time. Use these conversions in solving real-world situations. Limit units to inches, feet, yards, ounces, pounds, fluid ounces, cups, pints, quarts, gallons, seconds, minutes, hours, milli-, centi-, kilo-, and base units (grams, liters, meters)."
SC,K,SC.K.NR.2.2,"Subitize a quantity of up to 10 objects in an organized arrangement without counting, explaining how one grouped the objects within the set to determine the total quantity."
SC,PK,SC.PK.MTE-5p,"Recognize routines with time passing throughout the day (identifying circle time, snack time, outside play, etc.)."
SD,K,SD.K.CC.A.2,Count forward beginning from any given number within 100 (instead of having to begin at 1). Count backwards beginning from any given number within 20.
SD,PK,SD.PK.CD-4.g,"Verbally count backward from 5 using fingers and use that skill to subtract a given number. (When asked how many would be left if we took 2 fingers away, counts, “Five, four, three!”)"
SD,PK,SD.PK.CD-4.i,"Use and understand the terms “first” through “fifth” and “last” in their play and daily activities. (“The engine is first, and the caboose is last.”)"
TX,1,TX.1.5A,recite numbers forward and backward from any given number between 1 and 120
TX,1,TX.1.5C,use relationships to determine the number that is 10 more and 10 less than a given number up to 120
TX,2,TX.2.2E,locate the position of a given whole number on an open number line
TX,2,TX.2.2F,name the whole number that corresponds to a specific point on a number line
TX,3,TX.3.3A,"represent fractions greater than zero and less than or equal to one with denominators of 2, 3, 4, 6, and 8 using concrete objects and pictorial models, including strip diagrams and number lines"
TX,3,TX.3.3F,"represent equivalent fractions with denominators of 2, 3, 4, 6, and 8 using a variety of objects and pictorial models, including number lines"
TX,3,TX.3.3G,explain that two fractions are equivalent if and only if they are both represented by the same point on the number line or represent the same portion of a same size whole for an area model
TX,4,TX.4.3C,determine if two given fractions are equivalent using a variety of methods
TX,4,TX.4.8B,"convert measurements within the same measurement system, customary or metric, from a smaller unit into a larger unit or a larger unit into a smaller unit when given"
TX,4,TX.4.8C,"solve problems that deal with measurements of length, intervals of time, liquid volumes, mass, and money using addition, subtraction, multiplication, or division as appropriate"
TX,K,TX.K.2A,count forward and backward to at least 20 with and without objects
TX,K,TX.K.2D,recognize instantly the quantity of a small group of objects in organized and random arrangements
TX,K,TX.K.2G,compare sets of objects up to at least 20 in each set using comparative language
VA,1,VA.1.MG.3.h,"Use ordinal numbers first through tenth to describe the relative position of specific days/dates (e.g., What is the first Monday in October? What day of the week is May 6th?)."
VA,2,VA.2.NS.1.g,"Choose a reasonable estimate up to 1,000 when given a contextual problem (e.g., What would be the best estimate for the number of students in our school – 5, 50, or 500?)."
VA,2,VA.2.NS.3.f,"Compare unit fractions for halves, fourths, eighths, thirds, and sixths using words (greater than, less than or equal to) and symbols (>, <, =), with region/area and length models."
VA,4,VA.4.CE.2.b,Recall with automaticity the multiplication facts through 12 × 12 and the corresponding division facts.
VA,4,VA.4.NS.5.b,"Identify and model equivalent relationships between fractions (proper or improper) and/or mixed numbers and decimals, using halves, fourths, fifths, tenths, and hundredths."
VA,5,VA.5.NS.1.d,"Compare (using symbols <, >, =) and order (least to greatest and greatest to least) a set of no more than four decimals and fractions (proper, improper) and/or mixed numbers using multiple strategies (e.g., benchmarks, place value, number lines). Justify solutions orally, in writing, or with a model."
VA,K,VA.K.NS.1.f,Count backward orally by ones when given any number between 1 and 20.
VA,K,VA.K.NS.2.b,"Construct a set of objects that corresponds to a given numeral within 30, including an empty set."
WI,1,WI.1.OA.C.5.b,"Use conceptual subitizing in unstructured arrangements with totals up to 10 and structured arrangements anchored to 5 or 10 (e.g., ten frames, double ten frames, math rack/rekenrek) with totals up to 20 to relate the compositions and decompositions to addition and subtraction."
WI,K,WI.K.CC.B.5,Quickly recognize and name the quantity of up to 5 objects briefly shown in structured or unstructured arrangements without counting (perceptual subitizing).
WI,K,WI.K.OA.A.3.b,"Quickly name the quantity of objects briefly shown in structured arrangements anchored to 5 (e.g., fingers, ten frames, math rack/rekenrek) with totals up to 10 without counting by recognizing the arrangement or seeing the quantity in subgroups that are combined (conceptual subitizing)."
WI,PK,WI.PK.B.EL.5,Identifies coins and understands their value.
WY,K,WY.K.CC.1B,Count backwards by ones from 20.
