stem_id,band,stem_group,masterlist_name,workbook_sheet,workbook_stem,ladder_file,ladder_drafted
MD-LENGTH,PK5,Measurement and Data,Length,Measurement and Data,Length,,0
MD-PERIMETER,PK5,Measurement and Data,Perimeter,Measurement and Data,Perimeter,,0
MD-AREA,PK5,Measurement and Data,Area,Measurement and Data,Area,,0
MD-VOLUME,PK5,Measurement and Data,Volume,Measurement and Data,Volume,,0
MD-ANGLES,PK5,Measurement and Data,Angles,Measurement and Data,Angles,MH2_PK5_Measurement_and_Data_Angles.docx,1
MD-TIME,PK5,Measurement and Data,Time,Measurement and Data,Time,MH2_PK5_Measurement_and_Data_Time.docx,1
MD-DATA,PK5,Measurement and Data,Data,Measurement and Data,Data,,0
NS-COUNT,PK5,Number Systems and Structures,Counting,Number Systems and Structures,Counting,MH2_PK5_Numbers_Systems_and_Structures_Counting.docx,1
NS-SUBITIZE,PK5,Number Systems and Structures,Subitizations,Number Systems and Structures,Subitization,MH2_PK5_Numbers_Systems_and_Structures_Subitization.docx,1
NS-COMP-ORDER,PK5,Number Systems and Structures,Comparing and Ordering,Number Systems and Structures,Comparing,MH2_PK5_NumberSystemsandStructures_ComparingandOrdering_LessonLadder.docx,1
NS-COMP-ORDER,PK5,Number Systems and Structures,Comparing and Ordering,Number Systems and Structures,Ordering,MH2_PK5_NumberSystemsandStructures_ComparingandOrdering_LessonLadder.docx,1
NS-ESTIMATE,PK5,Number Systems and Structures,Estimating,Number Systems and Structures,Estimating,MH2_PK5_NumberSystemsandStructures_Estimating.docx,1
NS-FRAC,PK5,Number Systems and Structures,Fractions,Number Systems and Structures,Fractions,MH2_PK5_NumberSystemsandStructures_Fractions__5_.docx,1
NS-BASE10,PK5,Number Systems and Structures,Whole Numbers and Base Ten Structure,Number Systems and Structures,"Whole Numbers and 
Base Ten Structure",MH2_PK5_NumberSystemsandStructures_Whole_Numbers_and_Base_Ten_Structure.docx,1
OE-ADD-SUB,PK5,Operations and Equations,Addition and Subtraction,Operations and Equations,Addition and Subtraction,MH2_PK5_OperationsAndEquations_AdditionAndSubtraction.docx,1
OE-MUL-DIV-WN,PK5,Operations and Equations,Multiplication and Division of Whole Numbers,Operations and Equations,Multiplication and Division (Whole Numbers),MH2_PK5_OperationsAndEquations_MultiplicationAndDivisionWholeNumbers_LessonLadder.docx,1
OE-MUL-DIV-FRAC,PK5,Operations and Equations,Multiplication and Division of Fractions,Operations and Equations,Multiplication and Division (Fractions),,0
OE-EXPR-EQ-PK5,PK5,Operations and Equations,Expressions and Equations,Operations and Equations,Expressions and Equations,,0
SS-CLASSIFY,PK5,Shape and Space,"Identify,  Define, and Classify 2D and 3D Shapes",Shapes and Space,"Identify, define, parts, and classify 2D and 3D shapes",,0
SS-COMPOSE,PK5,Shape and Space,Compose and Decompose 2D and 3D Shapes,Shapes and Space,Compose and decompose 2D and 3D shapes,,0
SS-SPATIAL,PK5,Shape and Space,Spatial Thinking,Shapes and Space,Spatial thinking,,0
SR-STRUCT,PK5,"Structure, Pattern, and Reasoning","Structure, Pattern, and Reasoning",Structure Pattern and Reasoning,"Structure, Pattern, and Reasoning",,0
EE-EXPR-EXPON,6_9,Expressions and Equations,Exponential Expressions,Expressions and Equations,Exponential Expressions,,0
EE-EQ-EXPON,6_9,Expressions and Equations,Exponential Equations,Expressions and Equations,Exponential Equations,,0
EE-EQ-POLY,6_9,Expressions and Equations,Polynomial Equations,Expressions and Equations,Polynomial Equations,,0
EE-EXPR-POLY,6_9,Expressions and Equations,Polynomial Expressions,Expressions and Equations,Polynomial Expressions,,0
EE-EQ-SYS,6_9,Expressions and Equations,Systems of Equations,Expressions and Equations,Systems of Equations,,0
EE-INEQ-SYS,6_9,Expressions and Equations,Systems of Linear Inequalities,Expressions and Equations,Systems of Linear Inequalities,,0
EE-INEQ-2V,6_9,Expressions and Equations,Two-variable Linear Inequalities,Expressions and Equations,Two-variable Linear Inequalities,,0
EE-EQ-2V,6_9,Expressions and Equations,Two-variable Linear Equations,Expressions and Equations,Two-variable Linear Equations,,0
EE-EQ-1V,6_9,Expressions and Equations,One-variable Equations (deg = 1),Expressions and Equations,One-variable Equations (deg = 1),MH2_6A1_One-Variable Equations.docx,1
EE-INEQ-1V,6_9,Expressions and Equations,One-variable Inequalities (deg = 1),Expressions and Equations,One-variable Inequalities (deg = 1),MH2_GA1_One Variable Inequalities_Stem.docx,1
EE-EXPR-GEN,6_9,Expressions and Equations,General Expressions,Expressions and Equations,Expressions (General),MH2_6A1_ExpressionsGeneral_LessonLadder.docx,1
FN-GEN,6_9,Functions,General,Functions and Relationships,General,,0
FN-SEQ,6_9,Functions,Sequences,Functions and Relationships,Sequences,,0
FN-LIN,6_9,Functions,Linear,Functions and Relationships,Linear,,0
FN-EXPON,6_9,Functions,Exponential Functions,Functions and Relationships,Exponential,,0
FN-PIECEWISE,6_9,Functions,Piecewise Functions,Functions and Relationships,Piecewise,,0
FN-QUAD,6_9,Functions,Quadratic Functions,Functions and Relationships,Quadratic,,0
GM-CONG,6_9,Geometry and Measurement,Congruence,Geometry and Measurement,Congruence,,0
GM-SIMILAR,6_9,Geometry and Measurement,Similarity,Geometry and Measurement,Similarity,,0
GM-AREA,6_9,Geometry and Measurement,Area,Geometry and Measurement,Area,,0
GM-VOLUME,6_9,Geometry and Measurement,Volume,Geometry and Measurement,Volume,,0
GM-CONSTRUCT,6_9,Geometry and Measurement,Constructions,Geometry and Measurement,Constructions,,0
GM-PYTH-THM,6_9,Geometry and Measurement,Pythagorean Theorem,Geometry and Measurement,Pythagorean Theorem,,0
PS-PROB,6_9,Probability and Statistics,Probability,Statistics and Probability,Probability,MH2_6-A1_Probability_ladder.docx,1
PS-UNIVAR-DATA,6_9,Probability and Statistics,Univariate Data,Statistics and Probability,Univariate Data,,0
PS-QUANT-DATA,6_9,Probability and Statistics,Quantitative Data,Statistics and Probability,Quantitative Data,,0
PS-QUAL-DATA,6_9,Probability and Statistics,Qualitative Data,Statistics and Probability,Qualitative Data,,0
RP-PERCENTS,6_9,Ratios and Proportional Relationships,Percents,Ratios and Proportional Relatio,Percents,,0
RP-RATIOS,6_9,Ratios and Proportional Relationships,"Ratios, Rates, and Proportions",Ratios and Proportional Relatio,"Ratios, Rates, and Proportions",,0
RP-COORD,6_9,Ratios and Proportional Relationships,Coordinate System,Ratios and Proportional Relatio,Coordinate System,MH2_6A1_Coordinate System_Stem.docx,1
NS-INT-RAT,6_9,Structure of the Number System,Integers and Rationals,Structure of the Number System,Integers & Rational Numbers,MH2_6A1_NumberSystem_Integers and Rationals_LessonLadder_new.docx,1
NS-IRR-REAL,6_9,Structure of the Number System,Irrational Real Numbers,Structure of the Number System,Irrational & Real Numbers,MH2_6A1_NumberSystem_IrrationalRealNumbers_LessonLadder.docx,1