node_a,node_b,stem_a,stem_b,concept_skill_a,concept_skill_b,grades_a,grades_b,shares_grade,shared_grades,n_shared_codes,shared_codes,all_shared_relations_aligned,same_ladder
ADD-0004,COM-0005,ADD,COM,Count on to add and subtract whole numbers.,"Order and compare sets, lengths, and numerals.","K,1,2","PK,K",1,K,1,K.CC.A.2,1,0
ADD-0004,COM-0007,ADD,COM,Count on to add and subtract whole numbers.,"Order and compare sets, lengths, and numerals.","K,1,2","PK,K",1,K,1,K.CC.A.2,1,0
ADD-0004,COU-0013,ADD,COU,Count on to add and subtract whole numbers.,"Count on from a number other than 1, and name the number tha","K,1,2","K,1",1,"K,1",1,K.CC.A.2,1,0
ADD-0004,COU-0017,ADD,COU,Count on to add and subtract whole numbers.,"Count on from a given number by using spatial, auditory, or ","K,1,2","K,1",1,"K,1",2,1.OA.C.5;K.CC.A.2,1,0
ADD-0004,COU-0020,ADD,COU,Count on to add and subtract whole numbers.,Count forward or backward from a given number. (Stella- DONE,"K,1,2",K,1,K,1,K.CC.A.2,1,0
ADD-0004,EST-0002,ADD,EST,Count on to add and subtract whole numbers.,Determine the relative size and position of numbers by using,"K,1,2","PK,K",1,K,1,K.CC.A.2,1,0
ADD-0004,EST-0009,ADD,EST,Count on to add and subtract whole numbers.,Estimate a number of objects by decomposing and recomposing ,"K,1,2",2,1,2,1,2.OA.C.4,1,0
ADD-0004,MUL-0001,ADD,MUL,Count on to add and subtract whole numbers.,"Write repeated addition as multiplication, and multiply whol","K,1,2",2,1,2,1,2.OA.C.4,1,0
ADD-0005,COM-0005,ADD,COM,Count on to add and subtract whole numbers.,"Order and compare sets, lengths, and numerals.","K,1,2","PK,K",1,K,1,K.CC.A.2,1,0
ADD-0005,COM-0007,ADD,COM,Count on to add and subtract whole numbers.,"Order and compare sets, lengths, and numerals.","K,1,2","PK,K",1,K,1,K.CC.A.2,1,0
ADD-0005,COU-0013,ADD,COU,Count on to add and subtract whole numbers.,"Count on from a number other than 1, and name the number tha","K,1,2","K,1",1,"K,1",1,K.CC.A.2,1,0
ADD-0005,COU-0017,ADD,COU,Count on to add and subtract whole numbers.,"Count on from a given number by using spatial, auditory, or ","K,1,2","K,1",1,"K,1",2,1.OA.C.5;K.CC.A.2,1,0
ADD-0005,COU-0020,ADD,COU,Count on to add and subtract whole numbers.,Count forward or backward from a given number. (Stella- DONE,"K,1,2",K,1,K,1,K.CC.A.2,1,0
ADD-0005,EST-0002,ADD,EST,Count on to add and subtract whole numbers.,Determine the relative size and position of numbers by using,"K,1,2","PK,K",1,K,1,K.CC.A.2,1,0
ADD-0005,EST-0009,ADD,EST,Count on to add and subtract whole numbers.,Estimate a number of objects by decomposing and recomposing ,"K,1,2",2,1,2,1,2.OA.C.4,1,0
ADD-0005,MUL-0001,ADD,MUL,Count on to add and subtract whole numbers.,"Write repeated addition as multiplication, and multiply whol","K,1,2",2,1,2,1,2.OA.C.4,1,0
ADD-0006,COU-0017,ADD,COU,Add and Subtract whole numbers by applying properties of ope,"Count on from a given number by using spatial, auditory, or ","1,2","K,1",1,1,1,1.OA.C.6,1,0
ADD-0006,COU-0022,ADD,COU,Add and Subtract whole numbers by applying properties of ope,"Count beyond 100 by applying patterns of ones, tens, and hun","1,2","1,2",1,"1,2",1,2.NBT.B.8,1,0
ADD-0007,COU-0017,ADD,COU,Add and Subtract whole numbers by applying properties of ope,"Count on from a given number by using spatial, auditory, or ","1,2","K,1",1,1,1,1.OA.C.6,1,0
ADD-0007,COU-0022,ADD,COU,Add and Subtract whole numbers by applying properties of ope,"Count beyond 100 by applying patterns of ones, tens, and hun","1,2","1,2",1,"1,2",1,2.NBT.B.8,1,0
ADD-0009,COU-0017,ADD,COU,Fluently add and subtract within 18,"Count on from a given number by using spatial, auditory, or ",1,"K,1",1,1,1,1.OA.C.6,1,0
ADD-0010,EST-0009,ADD,EST,Fluently add and subtract within 18,Estimate a number of objects by decomposing and recomposing ,2,2,1,2,1,2.OA.B.2,1,0
ADD-0012,COU-0017,ADD,COU,Fluently add and subtract within 18,"Count on from a given number by using spatial, auditory, or ",1,"K,1",1,1,1,1.OA.C.6,1,0
ADD-0013,EST-0009,ADD,EST,Fluently add and subtract within 18,Estimate a number of objects by decomposing and recomposing ,2,2,1,2,1,2.OA.B.2,1,0
COM-0004,EST-0001,COM,EST,Compare groups of objects by counting.,Make thoughtful guesses about the sizes of sets and about wh,"PK,K","PK,K",1,"PK,K",1,K.CC.C.6,1,0
COM-0005,COU-0013,COM,COU,"Order and compare sets, lengths, and numerals.","Count on from a number other than 1, and name the number tha","PK,K","K,1",1,K,1,K.CC.A.2,1,0
COM-0005,COU-0017,COM,COU,"Order and compare sets, lengths, and numerals.","Count on from a given number by using spatial, auditory, or ","PK,K","K,1",1,K,1,K.CC.A.2,1,0
COM-0005,COU-0020,COM,COU,"Order and compare sets, lengths, and numerals.",Count forward or backward from a given number. (Stella- DONE,"PK,K",K,1,K,1,K.CC.A.2,1,0
COM-0005,EST-0002,COM,EST,"Order and compare sets, lengths, and numerals.",Determine the relative size and position of numbers by using,"PK,K","PK,K",1,"PK,K",1,K.CC.A.2,1,0
COM-0007,COU-0013,COM,COU,"Order and compare sets, lengths, and numerals.","Count on from a number other than 1, and name the number tha","PK,K","K,1",1,K,1,K.CC.A.2,1,0
COM-0007,COU-0014,COM,COU,"Order and compare sets, lengths, and numerals.","Count on from a number other than 1, and name the number tha","PK,K","K,1",1,K,1,K.CC.B.4.c,1,0
COM-0007,COU-0017,COM,COU,"Order and compare sets, lengths, and numerals.","Count on from a given number by using spatial, auditory, or ","PK,K","K,1",1,K,2,K.CC.A.2;K.CC.B.4.c,1,0
COM-0007,COU-0020,COM,COU,"Order and compare sets, lengths, and numerals.",Count forward or backward from a given number. (Stella- DONE,"PK,K",K,1,K,1,K.CC.A.2,1,0
COM-0007,EST-0002,COM,EST,"Order and compare sets, lengths, and numerals.",Determine the relative size and position of numbers by using,"PK,K","PK,K",1,"PK,K",2,K.CC.A.2;K.CC.B.4.c,1,0
COM-0007,EST-0003,COM,EST,"Order and compare sets, lengths, and numerals.",Determine the relative size and position of numbers by using,"PK,K","PK,K",1,"PK,K",1,K.CC.B.4.c,1,0
COM-0008,EST-0003,COM,EST,"Order and compare sets, lengths, and numerals.",Determine the relative size and position of numbers by using,"PK,K","PK,K",1,"PK,K",1,K.CC.C.7,1,0
COM-0008,WHO-0010,COM,WHO,"Order and compare sets, lengths, and numerals.",Compare and order numbers by using place value.,"PK,K","1,2,3,4",0,,1,K.CC.C.7,1,0
COM-0008,WHO-0011,COM,WHO,"Order and compare sets, lengths, and numerals.",Compare and order numbers by using place value.,"PK,K","1,2,3,4",0,,1,K.CC.C.7,1,0
COM-0009,EST-0003,COM,EST,Compare numbers within 10 by using their positions on the nu,Determine the relative size and position of numbers by using,K,"PK,K",1,K,1,K.CC.C.7,1,0
COM-0009,WHO-0010,COM,WHO,Compare numbers within 10 by using their positions on the nu,Compare and order numbers by using place value.,K,"1,2,3,4",0,,1,K.CC.C.7,1,0
COM-0009,WHO-0011,COM,WHO,Compare numbers within 10 by using their positions on the nu,Compare and order numbers by using place value.,K,"1,2,3,4",0,,1,K.CC.C.7,1,0
COM-0011,WHO-0010,COM,WHO,Compare and order multi-digit numbers by using a number line,Compare and order numbers by using place value.,1,"1,2,3,4",1,1,1,1.NBT.B.3,1,0
COM-0011,WHO-0011,COM,WHO,Compare and order multi-digit numbers by using a number line,Compare and order numbers by using place value.,1,"1,2,3,4",1,1,1,1.NBT.B.3,1,0
COM-0012,WHO-0010,COM,WHO,Compare and order multi-digit numbers by using a number line,Compare and order numbers by using place value.,2,"1,2,3,4",1,2,1,2.NBT.A.4,1,0
COM-0012,WHO-0011,COM,WHO,Compare and order multi-digit numbers by using a number line,Compare and order numbers by using place value.,2,"1,2,3,4",1,2,1,2.NBT.A.4,1,0
COM-0013,WHO-0003,COM,WHO,Compare and order multi-digit numbers by using a number line,Use place value to read and write numbers.,"3,4","K,1,2,3,4,5",1,"3,4",1,4.NBT.A.2,1,0
COM-0013,WHO-0004,COM,WHO,Compare and order multi-digit numbers by using a number line,Use place value to read and write numbers.,"3,4","1,2,3,4,5",1,"3,4",1,4.NBT.A.2,1,0
COM-0013,WHO-0005,COM,WHO,Compare and order multi-digit numbers by using a number line,Read and write numbers in expanded form.,"3,4","1,2,3,4,5",1,"3,4",1,4.NBT.A.2,1,0
COM-0013,WHO-0006,COM,WHO,Compare and order multi-digit numbers by using a number line,Read and write numbers in expanded form.,"3,4","3,4,5",1,"3,4",1,4.NBT.A.2,1,0
COM-0013,WHO-0008,COM,WHO,Compare and order multi-digit numbers by using a number line,"Represent, compose, and decompose numbers.","3,4","K,1,2,3,4",1,"3,4",1,4.NBT.A.2,1,0
COM-0013,WHO-0010,COM,WHO,Compare and order multi-digit numbers by using a number line,Compare and order numbers by using place value.,"3,4","1,2,3,4",1,"3,4",1,4.NBT.A.2,1,0
COM-0013,WHO-0011,COM,WHO,Compare and order multi-digit numbers by using a number line,Compare and order numbers by using place value.,"3,4","1,2,3,4",1,"3,4",1,4.NBT.A.2,1,0
COM-0014,WHO-0003,COM,WHO,Compare and order multi-digit numbers by using a number line,Use place value to read and write numbers.,"4,5","K,1,2,3,4,5",1,"4,5",1,5.NBT.A.3,1,0
COM-0014,WHO-0012,COM,WHO,Compare and order multi-digit numbers by using a number line,Compare and order numbers by using place value.,"4,5","4,5",1,"4,5",3,4.NF.C.7;5.NBT.A.3;5.NBT.A.3.b,1,0
COM-0014,WHO-0013,COM,WHO,Compare and order multi-digit numbers by using a number line,Compare and order numbers by using place value.,"4,5","4,5",1,"4,5",3,4.NF.C.7;5.NBT.A.3;5.NBT.A.3.b,1,0
COU-0002,EST-0002,COU,EST,Use cardinality and one-to-one correspondence to count group,Determine the relative size and position of numbers by using,"PK,K","PK,K",1,"PK,K",1,K.CC.B.4,1,0
COU-0002,EST-0003,COU,EST,Use cardinality and one-to-one correspondence to count group,Determine the relative size and position of numbers by using,"PK,K","PK,K",1,"PK,K",1,K.CC.B.4,1,0
COU-0002,EST-0006,COU,EST,Use cardinality and one-to-one correspondence to count group,Make a thoughtful guess about the number of objects in a gro,"PK,K",K,1,K,1,K.CC.B.4,1,0
COU-0003,EST-0002,COU,EST,Use cardinality and one-to-one correspondence to count group,Determine the relative size and position of numbers by using,"PK,K","PK,K",1,"PK,K",1,K.CC.B.4,1,0
COU-0003,EST-0003,COU,EST,Use cardinality and one-to-one correspondence to count group,Determine the relative size and position of numbers by using,"PK,K","PK,K",1,"PK,K",1,K.CC.B.4,1,0
COU-0003,EST-0006,COU,EST,Use cardinality and one-to-one correspondence to count group,Make a thoughtful guess about the number of objects in a gro,"PK,K",K,1,K,1,K.CC.B.4,1,0
COU-0004,EST-0002,COU,EST,Use cardinality and one-to-one correspondence to count group,Determine the relative size and position of numbers by using,"PK,K","PK,K",1,"PK,K",1,K.CC.B.4,1,0
COU-0004,EST-0003,COU,EST,Use cardinality and one-to-one correspondence to count group,Determine the relative size and position of numbers by using,"PK,K","PK,K",1,"PK,K",1,K.CC.B.4,1,0
COU-0004,EST-0006,COU,EST,Use cardinality and one-to-one correspondence to count group,Make a thoughtful guess about the number of objects in a gro,"PK,K",K,1,K,1,K.CC.B.4,1,0
COU-0005,EST-0002,COU,EST,Use cardinality and one-to-one correspondence to count group,Determine the relative size and position of numbers by using,"PK,K","PK,K",1,"PK,K",1,K.CC.B.4,1,0
COU-0005,EST-0003,COU,EST,Use cardinality and one-to-one correspondence to count group,Determine the relative size and position of numbers by using,"PK,K","PK,K",1,"PK,K",1,K.CC.B.4,1,0
COU-0005,EST-0006,COU,EST,Use cardinality and one-to-one correspondence to count group,Make a thoughtful guess about the number of objects in a gro,"PK,K",K,1,K,1,K.CC.B.4,1,0
COU-0006,EST-0002,COU,EST,Count out a group of up to 10 objects. (Megan-DONE),Determine the relative size and position of numbers by using,"PK,K","PK,K",1,"PK,K",1,K.CC.B.4,1,0
COU-0006,EST-0003,COU,EST,Count out a group of up to 10 objects. (Megan-DONE),Determine the relative size and position of numbers by using,"PK,K","PK,K",1,"PK,K",1,K.CC.B.4,1,0
COU-0006,EST-0006,COU,EST,Count out a group of up to 10 objects. (Megan-DONE),Make a thoughtful guess about the number of objects in a gro,"PK,K",K,1,K,2,K.CC.B.4;K.CC.B.5,1,0
COU-0007,EST-0006,COU,EST,Count and count out groups of more than 10 objects. (Megan-D,Make a thoughtful guess about the number of objects in a gro,K,K,1,K,1,K.CC.B.5,1,0
COU-0009,EST-0006,COU,EST,Count and count out groups of more than 10 objects. (Megan-D,Make a thoughtful guess about the number of objects in a gro,K,K,1,K,1,K.CC.B.5,1,0
COU-0011,EST-0004,COU,EST,Count and count out groups of more than 10 objects. (Megan-D,Determine the relative size and position of numbers by using,1,1,1,1,1,1.NBT.A.1,1,0
COU-0011,WHO-0003,COU,WHO,Count and count out groups of more than 10 objects. (Megan-D,Use place value to read and write numbers.,1,"K,1,2,3,4,5",1,1,1,1.NBT.A.1,1,0
COU-0013,EST-0002,COU,EST,"Count on from a number other than 1, and name the number tha",Determine the relative size and position of numbers by using,"K,1","PK,K",1,K,1,K.CC.A.2,1,0
COU-0014,EST-0002,COU,EST,"Count on from a number other than 1, and name the number tha",Determine the relative size and position of numbers by using,"K,1","PK,K",1,K,1,K.CC.B.4.c,1,0
COU-0014,EST-0003,COU,EST,"Count on from a number other than 1, and name the number tha",Determine the relative size and position of numbers by using,"K,1","PK,K",1,K,1,K.CC.B.4.c,1,0
COU-0015,EST-0007,COU,EST,Skip-count by tens. (Megan-DONE),Estimate the number of objects in a group by using a mental ,"K,1,2",2,1,2,1,2.NBT.A.2,1,0
COU-0015,WHO-0001,COU,WHO,Skip-count by tens. (Megan-DONE),Use place value to read and write numbers.,"K,1,2","K,1,2,3,4,5",1,"K,1,2",1,2.NBT.A.1.a,1,0
COU-0015,WHO-0008,COU,WHO,Skip-count by tens. (Megan-DONE),"Represent, compose, and decompose numbers.","K,1,2","K,1,2,3,4",1,"K,1,2",1,2.NBT.A.1.a,1,0
COU-0017,EST-0002,COU,EST,"Count on from a given number by using spatial, auditory, or ",Determine the relative size and position of numbers by using,"K,1","PK,K",1,K,2,K.CC.A.2;K.CC.B.4.c,1,0
COU-0017,EST-0003,COU,EST,"Count on from a given number by using spatial, auditory, or ",Determine the relative size and position of numbers by using,"K,1","PK,K",1,K,1,K.CC.B.4.c,1,0
COU-0017,EST-0006,COU,EST,"Count on from a given number by using spatial, auditory, or ",Make a thoughtful guess about the number of objects in a gro,"K,1",K,1,K,1,K.CC.B.5,1,0
COU-0018,EST-0009,COU,EST,Skip-count by twos and fives. (Stella- DONE),Estimate a number of objects by decomposing and recomposing ,2,2,1,2,1,2.OA.C.3,1,0
COU-0019,EST-0007,COU,EST,Skip-count by twos and fives. (Stella- DONE),Estimate the number of objects in a group by using a mental ,2,2,1,2,1,2.NBT.A.2,1,0
COU-0020,EST-0002,COU,EST,Count forward or backward from a given number. (Stella- DONE,Determine the relative size and position of numbers by using,K,"PK,K",1,K,1,K.CC.A.2,1,0
COU-0021,WHO-0001,COU,WHO,"Count by different units, such as tens and ones, by switchin",Use place value to read and write numbers.,1,"K,1,2,3,4,5",1,1,1,1.NBT.B.2,1,0
COU-0021,WHO-0002,COU,WHO,"Count by different units, such as tens and ones, by switchin",Use place value to read and write numbers.,1,"K,1,2,3,4,5",1,1,1,1.NBT.B.2,1,0
COU-0021,WHO-0008,COU,WHO,"Count by different units, such as tens and ones, by switchin","Represent, compose, and decompose numbers.",1,"K,1,2,3,4",1,1,1,1.NBT.B.2,1,0
COU-0022,EST-0004,COU,EST,"Count beyond 100 by applying patterns of ones, tens, and hun",Determine the relative size and position of numbers by using,"1,2",1,1,1,1,1.NBT.A.1,1,0
COU-0022,EST-0007,COU,EST,"Count beyond 100 by applying patterns of ones, tens, and hun",Estimate the number of objects in a group by using a mental ,"1,2",2,1,2,1,2.NBT.A.2,1,0
COU-0022,WHO-0001,COU,WHO,"Count beyond 100 by applying patterns of ones, tens, and hun",Use place value to read and write numbers.,"1,2","K,1,2,3,4,5",1,"1,2",1,2.NBT.A.1,1,0
COU-0022,WHO-0002,COU,WHO,"Count beyond 100 by applying patterns of ones, tens, and hun",Use place value to read and write numbers.,"1,2","K,1,2,3,4,5",1,"1,2",1,2.NBT.A.1,1,0
COU-0022,WHO-0003,COU,WHO,"Count beyond 100 by applying patterns of ones, tens, and hun",Use place value to read and write numbers.,"1,2","K,1,2,3,4,5",1,"1,2",1,1.NBT.A.1,1,0
COU-0022,WHO-0008,COU,WHO,"Count beyond 100 by applying patterns of ones, tens, and hun","Represent, compose, and decompose numbers.","1,2","K,1,2,3,4",1,"1,2",1,2.NBT.A.1,1,0
EE_GENERAL_EXPRESSIONS-0026,EE_ONE_VARIABLE_EQUATIONS_DEG_1-0003,EE_GENERAL_EXPRESSIONS,EE_ONE_VARIABLE_EQUATIONS_DEG_1,Evaluate an expression by substituting given numbers for the,Read and write equations in one variable and verify possible,"6,7,8,A1","5,6,7",1,"6,7",1,6.EE.A.2.c,1,0
EE_GENERAL_EXPRESSIONS-0026,EE_ONE_VARIABLE_EQUATIONS_DEG_1-0004,EE_GENERAL_EXPRESSIONS,EE_ONE_VARIABLE_EQUATIONS_DEG_1,Evaluate an expression by substituting given numbers for the,Read and write equations in one variable and verify possible,"6,7,8,A1","5,6,7",1,"6,7",1,6.EE.A.2.c,1,0
EE_GENERAL_EXPRESSIONS-0027,EE_ONE_VARIABLE_EQUATIONS_DEG_1-0003,EE_GENERAL_EXPRESSIONS,EE_ONE_VARIABLE_EQUATIONS_DEG_1,Evaluate an expression by substituting given numbers for the,Read and write equations in one variable and verify possible,"6,7,8,A1","5,6,7",1,"6,7",1,6.EE.A.2.c,1,0
EE_GENERAL_EXPRESSIONS-0027,EE_ONE_VARIABLE_EQUATIONS_DEG_1-0004,EE_GENERAL_EXPRESSIONS,EE_ONE_VARIABLE_EQUATIONS_DEG_1,Evaluate an expression by substituting given numbers for the,Read and write equations in one variable and verify possible,"6,7,8,A1","5,6,7",1,"6,7",1,6.EE.A.2.c,1,0
EE_GENERAL_EXPRESSIONS-0028,EE_ONE_VARIABLE_EQUATIONS_DEG_1-0003,EE_GENERAL_EXPRESSIONS,EE_ONE_VARIABLE_EQUATIONS_DEG_1,Evaluate an expression by substituting given numbers for the,Read and write equations in one variable and verify possible,"6,7,8,A1","5,6,7",1,"6,7",1,6.EE.A.2.c,1,0
EE_GENERAL_EXPRESSIONS-0028,EE_ONE_VARIABLE_EQUATIONS_DEG_1-0004,EE_GENERAL_EXPRESSIONS,EE_ONE_VARIABLE_EQUATIONS_DEG_1,Evaluate an expression by substituting given numbers for the,Read and write equations in one variable and verify possible,"6,7,8,A1","5,6,7",1,"6,7",1,6.EE.A.2.c,1,0
EE_GENERAL_EXPRESSIONS-0029,EE_ONE_VARIABLE_EQUATIONS_DEG_1-0003,EE_GENERAL_EXPRESSIONS,EE_ONE_VARIABLE_EQUATIONS_DEG_1,Evaluate an expression by substituting given numbers for the,Read and write equations in one variable and verify possible,"6,7,8,A1","5,6,7",1,"6,7",1,6.EE.A.2.c,1,0
EE_GENERAL_EXPRESSIONS-0029,EE_ONE_VARIABLE_EQUATIONS_DEG_1-0004,EE_GENERAL_EXPRESSIONS,EE_ONE_VARIABLE_EQUATIONS_DEG_1,Evaluate an expression by substituting given numbers for the,Read and write equations in one variable and verify possible,"6,7,8,A1","5,6,7",1,"6,7",1,6.EE.A.2.c,1,0
EE_ONE_VARIABLE_EQUATIONS_DEG_1-0001,EE_ONE_VARIABLE_INEQUALITIES_DE-0002,EE_ONE_VARIABLE_EQUATIONS_DEG_1,EE_ONE_VARIABLE_INEQUALITIES_DE,Read and write equations in one variable and verify possible,Explain the meaning of an inequality and its solution set an,6,"6,7",1,6,1,6.EE.B.5,1,0
EE_ONE_VARIABLE_EQUATIONS_DEG_1-0001,EE_ONE_VARIABLE_INEQUALITIES_DE-0003,EE_ONE_VARIABLE_EQUATIONS_DEG_1,EE_ONE_VARIABLE_INEQUALITIES_DE,Read and write equations in one variable and verify possible,Explain the meaning of an inequality and its solution set an,6,"6,7",1,6,1,6.EE.B.5,1,0
EE_ONE_VARIABLE_EQUATIONS_DEG_1-0001,EE_ONE_VARIABLE_INEQUALITIES_DE-0004,EE_ONE_VARIABLE_EQUATIONS_DEG_1,EE_ONE_VARIABLE_INEQUALITIES_DE,Read and write equations in one variable and verify possible,Explain the meaning of an inequality and its solution set an,6,"6,7",1,6,1,6.EE.B.5,1,0
EE_ONE_VARIABLE_EQUATIONS_DEG_1-0001,EE_ONE_VARIABLE_INEQUALITIES_DE-0010,EE_ONE_VARIABLE_EQUATIONS_DEG_1,EE_ONE_VARIABLE_INEQUALITIES_DE,Read and write equations in one variable and verify possible,Use substitution to verify solutions to an inequality and re,6,"6,7",1,6,1,6.EE.B.5,1,0
EE_ONE_VARIABLE_EQUATIONS_DEG_1-0002,EE_ONE_VARIABLE_INEQUALITIES_DE-0002,EE_ONE_VARIABLE_EQUATIONS_DEG_1,EE_ONE_VARIABLE_INEQUALITIES_DE,Read and write equations in one variable and verify possible,Explain the meaning of an inequality and its solution set an,,"6,7",0,,1,6.EE.B.5,1,0
EE_ONE_VARIABLE_EQUATIONS_DEG_1-0002,EE_ONE_VARIABLE_INEQUALITIES_DE-0003,EE_ONE_VARIABLE_EQUATIONS_DEG_1,EE_ONE_VARIABLE_INEQUALITIES_DE,Read and write equations in one variable and verify possible,Explain the meaning of an inequality and its solution set an,,"6,7",0,,1,6.EE.B.5,1,0
EE_ONE_VARIABLE_EQUATIONS_DEG_1-0002,EE_ONE_VARIABLE_INEQUALITIES_DE-0004,EE_ONE_VARIABLE_EQUATIONS_DEG_1,EE_ONE_VARIABLE_INEQUALITIES_DE,Read and write equations in one variable and verify possible,Explain the meaning of an inequality and its solution set an,,"6,7",0,,1,6.EE.B.5,1,0
EE_ONE_VARIABLE_EQUATIONS_DEG_1-0002,EE_ONE_VARIABLE_INEQUALITIES_DE-0010,EE_ONE_VARIABLE_EQUATIONS_DEG_1,EE_ONE_VARIABLE_INEQUALITIES_DE,Read and write equations in one variable and verify possible,Use substitution to verify solutions to an inequality and re,,"6,7",0,,1,6.EE.B.5,1,0
EE_ONE_VARIABLE_EQUATIONS_DEG_1-0003,EE_ONE_VARIABLE_INEQUALITIES_DE-0002,EE_ONE_VARIABLE_EQUATIONS_DEG_1,EE_ONE_VARIABLE_INEQUALITIES_DE,Read and write equations in one variable and verify possible,Explain the meaning of an inequality and its solution set an,"5,6,7","6,7",1,"6,7",1,6.EE.B.5,1,0
EE_ONE_VARIABLE_EQUATIONS_DEG_1-0003,EE_ONE_VARIABLE_INEQUALITIES_DE-0003,EE_ONE_VARIABLE_EQUATIONS_DEG_1,EE_ONE_VARIABLE_INEQUALITIES_DE,Read and write equations in one variable and verify possible,Explain the meaning of an inequality and its solution set an,"5,6,7","6,7",1,"6,7",1,6.EE.B.5,1,0
EE_ONE_VARIABLE_EQUATIONS_DEG_1-0003,EE_ONE_VARIABLE_INEQUALITIES_DE-0004,EE_ONE_VARIABLE_EQUATIONS_DEG_1,EE_ONE_VARIABLE_INEQUALITIES_DE,Read and write equations in one variable and verify possible,Explain the meaning of an inequality and its solution set an,"5,6,7","6,7",1,"6,7",1,6.EE.B.5,1,0
EE_ONE_VARIABLE_EQUATIONS_DEG_1-0003,EE_ONE_VARIABLE_INEQUALITIES_DE-0010,EE_ONE_VARIABLE_EQUATIONS_DEG_1,EE_ONE_VARIABLE_INEQUALITIES_DE,Read and write equations in one variable and verify possible,Use substitution to verify solutions to an inequality and re,"5,6,7","6,7",1,"6,7",1,6.EE.B.5,1,0
EE_ONE_VARIABLE_EQUATIONS_DEG_1-0004,EE_ONE_VARIABLE_INEQUALITIES_DE-0002,EE_ONE_VARIABLE_EQUATIONS_DEG_1,EE_ONE_VARIABLE_INEQUALITIES_DE,Read and write equations in one variable and verify possible,Explain the meaning of an inequality and its solution set an,"5,6,7","6,7",1,"6,7",1,6.EE.B.5,1,0
EE_ONE_VARIABLE_EQUATIONS_DEG_1-0004,EE_ONE_VARIABLE_INEQUALITIES_DE-0003,EE_ONE_VARIABLE_EQUATIONS_DEG_1,EE_ONE_VARIABLE_INEQUALITIES_DE,Read and write equations in one variable and verify possible,Explain the meaning of an inequality and its solution set an,"5,6,7","6,7",1,"6,7",1,6.EE.B.5,1,0
EE_ONE_VARIABLE_EQUATIONS_DEG_1-0004,EE_ONE_VARIABLE_INEQUALITIES_DE-0004,EE_ONE_VARIABLE_EQUATIONS_DEG_1,EE_ONE_VARIABLE_INEQUALITIES_DE,Read and write equations in one variable and verify possible,Explain the meaning of an inequality and its solution set an,"5,6,7","6,7",1,"6,7",1,6.EE.B.5,1,0
EE_ONE_VARIABLE_EQUATIONS_DEG_1-0004,EE_ONE_VARIABLE_INEQUALITIES_DE-0010,EE_ONE_VARIABLE_EQUATIONS_DEG_1,EE_ONE_VARIABLE_INEQUALITIES_DE,Read and write equations in one variable and verify possible,Use substitution to verify solutions to an inequality and re,"5,6,7","6,7",1,"6,7",1,6.EE.B.5,1,0
EE_ONE_VARIABLE_EQUATIONS_DEG_1-0006,EE_ONE_VARIABLE_INEQUALITIES_DE-0002,EE_ONE_VARIABLE_EQUATIONS_DEG_1,EE_ONE_VARIABLE_INEQUALITIES_DE,Write a linear equation in one variable to represent a situa,Explain the meaning of an inequality and its solution set an,"5,6,7,8,A1","6,7",1,"6,7",1,7.EE.B.4,1,0
EE_ONE_VARIABLE_EQUATIONS_DEG_1-0006,EE_ONE_VARIABLE_INEQUALITIES_DE-0003,EE_ONE_VARIABLE_EQUATIONS_DEG_1,EE_ONE_VARIABLE_INEQUALITIES_DE,Write a linear equation in one variable to represent a situa,Explain the meaning of an inequality and its solution set an,"5,6,7,8,A1","6,7",1,"6,7",1,7.EE.B.4,1,0
EE_ONE_VARIABLE_EQUATIONS_DEG_1-0006,EE_ONE_VARIABLE_INEQUALITIES_DE-0004,EE_ONE_VARIABLE_EQUATIONS_DEG_1,EE_ONE_VARIABLE_INEQUALITIES_DE,Write a linear equation in one variable to represent a situa,Explain the meaning of an inequality and its solution set an,"5,6,7,8,A1","6,7",1,"6,7",1,7.EE.B.4,1,0
EE_ONE_VARIABLE_EQUATIONS_DEG_1-0006,EE_ONE_VARIABLE_INEQUALITIES_DE-0005,EE_ONE_VARIABLE_EQUATIONS_DEG_1,EE_ONE_VARIABLE_INEQUALITIES_DE,Write a linear equation in one variable to represent a situa,Explain the meaning of an inequality and its solution set an,"5,6,7,8,A1","6,7",1,"6,7",1,7.EE.B.4,1,0
EE_ONE_VARIABLE_EQUATIONS_DEG_1-0006,EE_ONE_VARIABLE_INEQUALITIES_DE-0006,EE_ONE_VARIABLE_EQUATIONS_DEG_1,EE_ONE_VARIABLE_INEQUALITIES_DE,Write a linear equation in one variable to represent a situa,Explain the meaning of an inequality and its solution set an,"5,6,7,8,A1","6,7",1,"6,7",1,7.EE.B.4,1,0
EE_ONE_VARIABLE_EQUATIONS_DEG_1-0006,EE_ONE_VARIABLE_INEQUALITIES_DE-0007,EE_ONE_VARIABLE_EQUATIONS_DEG_1,EE_ONE_VARIABLE_INEQUALITIES_DE,Write a linear equation in one variable to represent a situa,Explain the meaning of an inequality and its solution set an,"5,6,7,8,A1","6,7",1,"6,7",1,7.EE.B.4,1,0
EE_ONE_VARIABLE_EQUATIONS_DEG_1-0006,EE_ONE_VARIABLE_INEQUALITIES_DE-0008,EE_ONE_VARIABLE_EQUATIONS_DEG_1,EE_ONE_VARIABLE_INEQUALITIES_DE,Write a linear equation in one variable to represent a situa,Explain the meaning of an inequality and its solution set an,"5,6,7,8,A1","6,7",1,"6,7",1,7.EE.B.4,1,0
EE_ONE_VARIABLE_EQUATIONS_DEG_1-0006,EE_ONE_VARIABLE_INEQUALITIES_DE-0023,EE_ONE_VARIABLE_EQUATIONS_DEG_1,EE_ONE_VARIABLE_INEQUALITIES_DE,Write a linear equation in one variable to represent a situa,"Solve inequalities of the forms ax+b<c, ax+b≤c, ax+b>c, and ","5,6,7,8,A1",7,1,7,1,7.EE.B.4,1,0
EE_ONE_VARIABLE_EQUATIONS_DEG_1-0007,EE_ONE_VARIABLE_INEQUALITIES_DE-0002,EE_ONE_VARIABLE_EQUATIONS_DEG_1,EE_ONE_VARIABLE_INEQUALITIES_DE,Write a linear equation in one variable to represent a situa,Explain the meaning of an inequality and its solution set an,"7,A1","6,7",1,7,1,7.EE.B.4,1,0
EE_ONE_VARIABLE_EQUATIONS_DEG_1-0007,EE_ONE_VARIABLE_INEQUALITIES_DE-0003,EE_ONE_VARIABLE_EQUATIONS_DEG_1,EE_ONE_VARIABLE_INEQUALITIES_DE,Write a linear equation in one variable to represent a situa,Explain the meaning of an inequality and its solution set an,"7,A1","6,7",1,7,1,7.EE.B.4,1,0
EE_ONE_VARIABLE_EQUATIONS_DEG_1-0007,EE_ONE_VARIABLE_INEQUALITIES_DE-0004,EE_ONE_VARIABLE_EQUATIONS_DEG_1,EE_ONE_VARIABLE_INEQUALITIES_DE,Write a linear equation in one variable to represent a situa,Explain the meaning of an inequality and its solution set an,"7,A1","6,7",1,7,1,7.EE.B.4,1,0
EE_ONE_VARIABLE_EQUATIONS_DEG_1-0007,EE_ONE_VARIABLE_INEQUALITIES_DE-0005,EE_ONE_VARIABLE_EQUATIONS_DEG_1,EE_ONE_VARIABLE_INEQUALITIES_DE,Write a linear equation in one variable to represent a situa,Explain the meaning of an inequality and its solution set an,"7,A1","6,7",1,7,1,7.EE.B.4,1,0
EE_ONE_VARIABLE_EQUATIONS_DEG_1-0007,EE_ONE_VARIABLE_INEQUALITIES_DE-0006,EE_ONE_VARIABLE_EQUATIONS_DEG_1,EE_ONE_VARIABLE_INEQUALITIES_DE,Write a linear equation in one variable to represent a situa,Explain the meaning of an inequality and its solution set an,"7,A1","6,7",1,7,1,7.EE.B.4,1,0
EE_ONE_VARIABLE_EQUATIONS_DEG_1-0007,EE_ONE_VARIABLE_INEQUALITIES_DE-0007,EE_ONE_VARIABLE_EQUATIONS_DEG_1,EE_ONE_VARIABLE_INEQUALITIES_DE,Write a linear equation in one variable to represent a situa,Explain the meaning of an inequality and its solution set an,"7,A1","6,7",1,7,1,7.EE.B.4,1,0
EE_ONE_VARIABLE_EQUATIONS_DEG_1-0007,EE_ONE_VARIABLE_INEQUALITIES_DE-0008,EE_ONE_VARIABLE_EQUATIONS_DEG_1,EE_ONE_VARIABLE_INEQUALITIES_DE,Write a linear equation in one variable to represent a situa,Explain the meaning of an inequality and its solution set an,"7,A1","6,7",1,7,1,7.EE.B.4,1,0
EE_ONE_VARIABLE_EQUATIONS_DEG_1-0007,EE_ONE_VARIABLE_INEQUALITIES_DE-0023,EE_ONE_VARIABLE_EQUATIONS_DEG_1,EE_ONE_VARIABLE_INEQUALITIES_DE,Write a linear equation in one variable to represent a situa,"Solve inequalities of the forms ax+b<c, ax+b≤c, ax+b>c, and ","7,A1",7,1,7,1,7.EE.B.4,1,0
EE_ONE_VARIABLE_INEQUALITIES_DE-0001,NS_INTEGERS_AND_RATIONALS-0007,EE_ONE_VARIABLE_INEQUALITIES_DE,NS_INTEGERS_AND_RATIONALS,Explain the meaning of an inequality and its solution set an,Compare and order rational numbers.,"6,7",6,1,6,1,6.NS.C.7.a,1,0
EE_ONE_VARIABLE_INEQUALITIES_DE-0001,NS_INTEGERS_AND_RATIONALS-0008,EE_ONE_VARIABLE_INEQUALITIES_DE,NS_INTEGERS_AND_RATIONALS,Explain the meaning of an inequality and its solution set an,Compare and order rational numbers.,"6,7",6,1,6,1,6.NS.C.7.a,1,0
EE_ONE_VARIABLE_INEQUALITIES_DE-0002,NS_INTEGERS_AND_RATIONALS-0007,EE_ONE_VARIABLE_INEQUALITIES_DE,NS_INTEGERS_AND_RATIONALS,Explain the meaning of an inequality and its solution set an,Compare and order rational numbers.,"6,7",6,1,6,1,6.NS.C.7.a,1,0
EE_ONE_VARIABLE_INEQUALITIES_DE-0002,NS_INTEGERS_AND_RATIONALS-0008,EE_ONE_VARIABLE_INEQUALITIES_DE,NS_INTEGERS_AND_RATIONALS,Explain the meaning of an inequality and its solution set an,Compare and order rational numbers.,"6,7",6,1,6,1,6.NS.C.7.a,1,0
EE_ONE_VARIABLE_INEQUALITIES_DE-0003,NS_INTEGERS_AND_RATIONALS-0007,EE_ONE_VARIABLE_INEQUALITIES_DE,NS_INTEGERS_AND_RATIONALS,Explain the meaning of an inequality and its solution set an,Compare and order rational numbers.,"6,7",6,1,6,1,6.NS.C.7.a,1,0
EE_ONE_VARIABLE_INEQUALITIES_DE-0003,NS_INTEGERS_AND_RATIONALS-0008,EE_ONE_VARIABLE_INEQUALITIES_DE,NS_INTEGERS_AND_RATIONALS,Explain the meaning of an inequality and its solution set an,Compare and order rational numbers.,"6,7",6,1,6,1,6.NS.C.7.a,1,0
EE_ONE_VARIABLE_INEQUALITIES_DE-0004,NS_INTEGERS_AND_RATIONALS-0007,EE_ONE_VARIABLE_INEQUALITIES_DE,NS_INTEGERS_AND_RATIONALS,Explain the meaning of an inequality and its solution set an,Compare and order rational numbers.,"6,7",6,1,6,1,6.NS.C.7.a,1,0
EE_ONE_VARIABLE_INEQUALITIES_DE-0004,NS_INTEGERS_AND_RATIONALS-0008,EE_ONE_VARIABLE_INEQUALITIES_DE,NS_INTEGERS_AND_RATIONALS,Explain the meaning of an inequality and its solution set an,Compare and order rational numbers.,"6,7",6,1,6,1,6.NS.C.7.a,1,0
EE_ONE_VARIABLE_INEQUALITIES_DE-0005,NS_INTEGERS_AND_RATIONALS-0007,EE_ONE_VARIABLE_INEQUALITIES_DE,NS_INTEGERS_AND_RATIONALS,Explain the meaning of an inequality and its solution set an,Compare and order rational numbers.,"6,7",6,1,6,1,6.NS.C.7.a,1,0
EE_ONE_VARIABLE_INEQUALITIES_DE-0005,NS_INTEGERS_AND_RATIONALS-0008,EE_ONE_VARIABLE_INEQUALITIES_DE,NS_INTEGERS_AND_RATIONALS,Explain the meaning of an inequality and its solution set an,Compare and order rational numbers.,"6,7",6,1,6,1,6.NS.C.7.a,1,0
EE_ONE_VARIABLE_INEQUALITIES_DE-0006,NS_INTEGERS_AND_RATIONALS-0007,EE_ONE_VARIABLE_INEQUALITIES_DE,NS_INTEGERS_AND_RATIONALS,Explain the meaning of an inequality and its solution set an,Compare and order rational numbers.,"6,7",6,1,6,1,6.NS.C.7.a,1,0
EE_ONE_VARIABLE_INEQUALITIES_DE-0006,NS_INTEGERS_AND_RATIONALS-0008,EE_ONE_VARIABLE_INEQUALITIES_DE,NS_INTEGERS_AND_RATIONALS,Explain the meaning of an inequality and its solution set an,Compare and order rational numbers.,"6,7",6,1,6,1,6.NS.C.7.a,1,0
EST-0003,WHO-0010,EST,WHO,Determine the relative size and position of numbers by using,Compare and order numbers by using place value.,"PK,K","1,2,3,4",0,,1,K.CC.C.7,1,0
EST-0003,WHO-0011,EST,WHO,Determine the relative size and position of numbers by using,Compare and order numbers by using place value.,"PK,K","1,2,3,4",0,,1,K.CC.C.7,1,0
EST-0004,WHO-0003,EST,WHO,Determine the relative size and position of numbers by using,Use place value to read and write numbers.,1,"K,1,2,3,4,5",1,1,1,1.NBT.A.1,1,0
EST-0009,MUL-0001,EST,MUL,Estimate a number of objects by decomposing and recomposing ,"Write repeated addition as multiplication, and multiply whol",2,2,1,2,1,2.OA.C.4,1,0
MUL-0020,WHO-0019,MUL,WHO,Develop the standard algorithm for multiplying multi-digit n,Recognize and describe the relationships between place value,4,"4,5",1,4,1,4.NBT.B.5,1,0
MUL-0021,WHO-0019,MUL,WHO,Develop the standard algorithm for multiplying multi-digit n,Recognize and describe the relationships between place value,4,"4,5",1,4,1,4.NBT.B.5,1,0
MUL-0022,WHO-0019,MUL,WHO,Develop the standard algorithm for multiplying multi-digit n,Recognize and describe the relationships between place value,"4,5","4,5",1,"4,5",1,4.NBT.B.5,1,0
MUL-0023,WHO-0019,MUL,WHO,Develop the standard algorithm for multiplying multi-digit n,Recognize and describe the relationships between place value,"4,5","4,5",1,"4,5",1,4.NBT.B.5,1,0
MUL-0024,WHO-0019,MUL,WHO,Develop the standard algorithm for multiplying multi-digit n,Recognize and describe the relationships between place value,5,"4,5",1,5,1,4.NBT.B.5,1,0
NS_INTEGERS_AND_RATIONALS-0001,RP_COORDINATE_SYSTEM-0008,NS_INTEGERS_AND_RATIONALS,RP_COORDINATE_SYSTEM,Plot rational numbers on a number line and name opposites of,"Construct all four quadrants of a coordinate system, plot po",6,6,1,6,1,6.NS.C.6.c,1,0
NS_INTEGERS_AND_RATIONALS-0001,RP_COORDINATE_SYSTEM-0009,NS_INTEGERS_AND_RATIONALS,RP_COORDINATE_SYSTEM,Plot rational numbers on a number line and name opposites of,"Construct all four quadrants of a coordinate system, plot po",6,6,1,6,1,6.NS.C.6.c,1,0
NS_INTEGERS_AND_RATIONALS-0001,RP_COORDINATE_SYSTEM-0012,NS_INTEGERS_AND_RATIONALS,RP_COORDINATE_SYSTEM,Plot rational numbers on a number line and name opposites of,"Construct all four quadrants of a coordinate system, plot po",6,6,1,6,1,6.NS.C.6.c,1,0
NS_INTEGERS_AND_RATIONALS-0001,RP_COORDINATE_SYSTEM-0013,NS_INTEGERS_AND_RATIONALS,RP_COORDINATE_SYSTEM,Plot rational numbers on a number line and name opposites of,"Construct all four quadrants of a coordinate system, plot po",6,6,1,6,1,6.NS.C.6.c,1,0
NS_INTEGERS_AND_RATIONALS-0001,RP_COORDINATE_SYSTEM-0015,NS_INTEGERS_AND_RATIONALS,RP_COORDINATE_SYSTEM,Plot rational numbers on a number line and name opposites of,Find the distance between 2 points with same x- or same y-co,6,6,1,6,1,6.NS.C.6.c,1,0
NS_INTEGERS_AND_RATIONALS-0001,RP_COORDINATE_SYSTEM-0016,NS_INTEGERS_AND_RATIONALS,RP_COORDINATE_SYSTEM,Plot rational numbers on a number line and name opposites of,Find the distance between 2 points with same x- or same y-co,6,6,1,6,1,6.NS.C.6.c,1,0
NS_INTEGERS_AND_RATIONALS-0001,RP_COORDINATE_SYSTEM-0017,NS_INTEGERS_AND_RATIONALS,RP_COORDINATE_SYSTEM,Plot rational numbers on a number line and name opposites of,Find the distance between 2 points with same x- or same y-co,6,6,1,6,1,6.NS.C.6.c,1,0
NS_INTEGERS_AND_RATIONALS-0002,RP_COORDINATE_SYSTEM-0008,NS_INTEGERS_AND_RATIONALS,RP_COORDINATE_SYSTEM,Plot rational numbers on a number line and name opposites of,"Construct all four quadrants of a coordinate system, plot po",6,6,1,6,1,6.NS.C.6.c,1,0
NS_INTEGERS_AND_RATIONALS-0002,RP_COORDINATE_SYSTEM-0009,NS_INTEGERS_AND_RATIONALS,RP_COORDINATE_SYSTEM,Plot rational numbers on a number line and name opposites of,"Construct all four quadrants of a coordinate system, plot po",6,6,1,6,1,6.NS.C.6.c,1,0
NS_INTEGERS_AND_RATIONALS-0002,RP_COORDINATE_SYSTEM-0012,NS_INTEGERS_AND_RATIONALS,RP_COORDINATE_SYSTEM,Plot rational numbers on a number line and name opposites of,"Construct all four quadrants of a coordinate system, plot po",6,6,1,6,1,6.NS.C.6.c,1,0
NS_INTEGERS_AND_RATIONALS-0002,RP_COORDINATE_SYSTEM-0013,NS_INTEGERS_AND_RATIONALS,RP_COORDINATE_SYSTEM,Plot rational numbers on a number line and name opposites of,"Construct all four quadrants of a coordinate system, plot po",6,6,1,6,1,6.NS.C.6.c,1,0
NS_INTEGERS_AND_RATIONALS-0002,RP_COORDINATE_SYSTEM-0015,NS_INTEGERS_AND_RATIONALS,RP_COORDINATE_SYSTEM,Plot rational numbers on a number line and name opposites of,Find the distance between 2 points with same x- or same y-co,6,6,1,6,1,6.NS.C.6.c,1,0
NS_INTEGERS_AND_RATIONALS-0002,RP_COORDINATE_SYSTEM-0016,NS_INTEGERS_AND_RATIONALS,RP_COORDINATE_SYSTEM,Plot rational numbers on a number line and name opposites of,Find the distance between 2 points with same x- or same y-co,6,6,1,6,1,6.NS.C.6.c,1,0
NS_INTEGERS_AND_RATIONALS-0002,RP_COORDINATE_SYSTEM-0017,NS_INTEGERS_AND_RATIONALS,RP_COORDINATE_SYSTEM,Plot rational numbers on a number line and name opposites of,Find the distance between 2 points with same x- or same y-co,6,6,1,6,1,6.NS.C.6.c,1,0
NS_INTEGERS_AND_RATIONALS-0003,RP_COORDINATE_SYSTEM-0008,NS_INTEGERS_AND_RATIONALS,RP_COORDINATE_SYSTEM,Plot rational numbers on a number line and name opposites of,"Construct all four quadrants of a coordinate system, plot po",6,6,1,6,1,6.NS.C.6.c,1,0
NS_INTEGERS_AND_RATIONALS-0003,RP_COORDINATE_SYSTEM-0009,NS_INTEGERS_AND_RATIONALS,RP_COORDINATE_SYSTEM,Plot rational numbers on a number line and name opposites of,"Construct all four quadrants of a coordinate system, plot po",6,6,1,6,1,6.NS.C.6.c,1,0
NS_INTEGERS_AND_RATIONALS-0003,RP_COORDINATE_SYSTEM-0012,NS_INTEGERS_AND_RATIONALS,RP_COORDINATE_SYSTEM,Plot rational numbers on a number line and name opposites of,"Construct all four quadrants of a coordinate system, plot po",6,6,1,6,1,6.NS.C.6.c,1,0
NS_INTEGERS_AND_RATIONALS-0003,RP_COORDINATE_SYSTEM-0013,NS_INTEGERS_AND_RATIONALS,RP_COORDINATE_SYSTEM,Plot rational numbers on a number line and name opposites of,"Construct all four quadrants of a coordinate system, plot po",6,6,1,6,1,6.NS.C.6.c,1,0
NS_INTEGERS_AND_RATIONALS-0003,RP_COORDINATE_SYSTEM-0015,NS_INTEGERS_AND_RATIONALS,RP_COORDINATE_SYSTEM,Plot rational numbers on a number line and name opposites of,Find the distance between 2 points with same x- or same y-co,6,6,1,6,1,6.NS.C.6.c,1,0
NS_INTEGERS_AND_RATIONALS-0003,RP_COORDINATE_SYSTEM-0016,NS_INTEGERS_AND_RATIONALS,RP_COORDINATE_SYSTEM,Plot rational numbers on a number line and name opposites of,Find the distance between 2 points with same x- or same y-co,6,6,1,6,1,6.NS.C.6.c,1,0
NS_INTEGERS_AND_RATIONALS-0003,RP_COORDINATE_SYSTEM-0017,NS_INTEGERS_AND_RATIONALS,RP_COORDINATE_SYSTEM,Plot rational numbers on a number line and name opposites of,Find the distance between 2 points with same x- or same y-co,6,6,1,6,1,6.NS.C.6.c,1,0
NS_INTEGERS_AND_RATIONALS-0004,RP_COORDINATE_SYSTEM-0007,NS_INTEGERS_AND_RATIONALS,RP_COORDINATE_SYSTEM,Plot rational numbers on a number line and name opposites of,"Construct all four quadrants of a coordinate system, plot po",,6,0,,1,6.NS.C.6,1,0
NS_INTEGERS_AND_RATIONALS-0004,RP_COORDINATE_SYSTEM-0008,NS_INTEGERS_AND_RATIONALS,RP_COORDINATE_SYSTEM,Plot rational numbers on a number line and name opposites of,"Construct all four quadrants of a coordinate system, plot po",,6,0,,1,6.NS.C.6,1,0
NS_INTEGERS_AND_RATIONALS-0004,RP_COORDINATE_SYSTEM-0009,NS_INTEGERS_AND_RATIONALS,RP_COORDINATE_SYSTEM,Plot rational numbers on a number line and name opposites of,"Construct all four quadrants of a coordinate system, plot po",,6,0,,1,6.NS.C.6,1,0
