node_a,node_b,stem_a,stem_b,concept_skill_a,concept_skill_b,grades_a,grades_b,shared_grades,n_shared_ccss,n_shared_lessons,lesson_jaccard,stated_stem_confidence,n_signals,signals
NS-COMP-ORDER-0007,NS-COUNT-0014,NS-COMP-ORDER,NS-COUNT,"Order and compare sets, lengths, and numerals.","Count on from a number other than 1, and name the number tha","PK,K","K,1",K,1,3,0.333,high,3,ccss+lesson+stated_stem
NS-BASE10-0010,NS-COMP-ORDER-0011,NS-BASE10,NS-COMP-ORDER,Compare and order numbers by using place value.,Compare and order multi-digit numbers by using a number line,"1,2,3,4",1,1,1,1,0.25,high,3,ccss+lesson+stated_stem
NS-BASE10-0010,NS-COMP-ORDER-0012,NS-BASE10,NS-COMP-ORDER,Compare and order numbers by using place value.,Compare and order multi-digit numbers by using a number line,"1,2,3,4",2,2,1,1,0.333,high,3,ccss+lesson+stated_stem
NS-COUNT-0013,OE-ADD-SUB-0004,NS-COUNT,OE-ADD-SUB,"Count on from a number other than 1, and name the number tha",Count on to add and subtract whole numbers.,"K,1","K,1,2","K,1",1,1,0.25,medium,3,ccss+lesson+stated_stem
NS-COUNT-0013,OE-ADD-SUB-0005,NS-COUNT,OE-ADD-SUB,"Count on from a number other than 1, and name the number tha",Count on to add and subtract whole numbers.,"K,1","K,1,2","K,1",1,1,0.25,medium,3,ccss+lesson+stated_stem
NS-COUNT-0020,OE-ADD-SUB-0004,NS-COUNT,OE-ADD-SUB,Count forward or backward from a given number. (Stella- DONE,Count on to add and subtract whole numbers.,K,"K,1,2",K,1,1,0.5,high,3,ccss+lesson+stated_stem
NS-COUNT-0020,OE-ADD-SUB-0005,NS-COUNT,OE-ADD-SUB,Count forward or backward from a given number. (Stella- DONE,Count on to add and subtract whole numbers.,K,"K,1,2",K,1,1,0.5,high,3,ccss+lesson+stated_stem
NS-ESTIMATE-0009,OE-MUL-DIV-WN-0001,NS-ESTIMATE,OE-MUL-DIV-WN,Estimate a number of objects by decomposing and recomposing ,"Write repeated addition as multiplication, and multiply whol",2,2,2,1,1,0.167,medium,3,ccss+lesson+stated_stem
NS-BASE10-0012,NS-COMP-ORDER-0014,NS-BASE10,NS-COMP-ORDER,Compare and order numbers by using place value.,Compare and order multi-digit numbers by using a number line,"4,5","4,5","4,5",3,2,0.667,,2,ccss+lesson
NS-BASE10-0013,NS-COMP-ORDER-0014,NS-BASE10,NS-COMP-ORDER,Compare and order numbers by using place value.,Compare and order multi-digit numbers by using a number line,"4,5","4,5","4,5",3,2,0.667,,2,ccss+lesson
NS-BASE10-0010,NS-COMP-ORDER-0013,NS-BASE10,NS-COMP-ORDER,Compare and order numbers by using place value.,Compare and order multi-digit numbers by using a number line,"1,2,3,4","3,4","3,4",1,1,0.333,,2,ccss+lesson
NS-BASE10-0011,NS-COMP-ORDER-0013,NS-BASE10,NS-COMP-ORDER,Compare and order numbers by using place value.,Compare and order multi-digit numbers by using a number line,"1,2,3,4","3,4","3,4",1,1,0.5,,2,ccss+lesson
NS-COMP-ORDER-0004,NS-ESTIMATE-0001,NS-COMP-ORDER,NS-ESTIMATE,Compare groups of objects by counting.,Make thoughtful guesses about the sizes of sets and about wh,"PK,K","PK,K","PK,K",1,1,0.1,low,2,ccss+lesson
NS-COMP-ORDER-0007,NS-ESTIMATE-0002,NS-COMP-ORDER,NS-ESTIMATE,"Order and compare sets, lengths, and numerals.",Determine the relative size and position of numbers by using,"PK,K","PK,K","PK,K",2,0,,medium,2,ccss+stated_stem
NS-COUNT-0017,OE-ADD-SUB-0004,NS-COUNT,OE-ADD-SUB,"Count on from a given number by using spatial, auditory, or ",Count on to add and subtract whole numbers.,"K,1","K,1,2","K,1",2,0,,high,2,ccss+stated_stem
NS-COUNT-0017,OE-ADD-SUB-0005,NS-COUNT,OE-ADD-SUB,"Count on from a given number by using spatial, auditory, or ",Count on to add and subtract whole numbers.,"K,1","K,1,2","K,1",2,0,,high,2,ccss+stated_stem
NS-BASE10-0001,NS-COUNT-0015,NS-BASE10,NS-COUNT,Use place value to read and write numbers.,Skip-count by tens. (Megan-DONE),"K,1,2,3,4,5","K,1,2","K,1,2",1,0,,high,2,ccss+stated_stem
NS-BASE10-0001,NS-COUNT-0021,NS-BASE10,NS-COUNT,Use place value to read and write numbers.,"Count by different units, such as tens and ones, by switchin","K,1,2,3,4,5",1,1,1,0,,high,2,ccss+stated_stem
NS-BASE10-0001,NS-COUNT-0022,NS-BASE10,NS-COUNT,Use place value to read and write numbers.,"Count beyond 100 by applying patterns of ones, tens, and hun","K,1,2,3,4,5","1,2","1,2",1,0,,high,2,ccss+stated_stem
NS-BASE10-0002,NS-COUNT-0021,NS-BASE10,NS-COUNT,Use place value to read and write numbers.,"Count by different units, such as tens and ones, by switchin","K,1,2,3,4,5",1,1,1,0,,high,2,ccss+stated_stem
NS-BASE10-0002,NS-COUNT-0022,NS-BASE10,NS-COUNT,Use place value to read and write numbers.,"Count beyond 100 by applying patterns of ones, tens, and hun","K,1,2,3,4,5","1,2","1,2",1,0,,high,2,ccss+stated_stem
NS-BASE10-0003,NS-COUNT-0011,NS-BASE10,NS-COUNT,Use place value to read and write numbers.,Count and count out groups of more than 10 objects. (Megan-D,"K,1,2,3,4,5",1,1,1,0,,high,2,ccss+stated_stem
NS-BASE10-0003,NS-COUNT-0022,NS-BASE10,NS-COUNT,Use place value to read and write numbers.,"Count beyond 100 by applying patterns of ones, tens, and hun","K,1,2,3,4,5","1,2","1,2",1,0,,high,2,ccss+stated_stem
NS-BASE10-0003,NS-ESTIMATE-0004,NS-BASE10,NS-ESTIMATE,Use place value to read and write numbers.,Determine the relative size and position of numbers by using,"K,1,2,3,4,5",1,1,1,0,,high,2,ccss+stated_stem
NS-BASE10-0008,NS-COUNT-0015,NS-BASE10,NS-COUNT,"Represent, compose, and decompose numbers.",Skip-count by tens. (Megan-DONE),"K,1,2,3,4","K,1,2","K,1,2",1,0,,high,2,ccss+stated_stem
NS-BASE10-0008,NS-COUNT-0021,NS-BASE10,NS-COUNT,"Represent, compose, and decompose numbers.","Count by different units, such as tens and ones, by switchin","K,1,2,3,4",1,1,1,0,,high,2,ccss+stated_stem
NS-BASE10-0008,NS-COUNT-0022,NS-BASE10,NS-COUNT,"Represent, compose, and decompose numbers.","Count beyond 100 by applying patterns of ones, tens, and hun","K,1,2,3,4","1,2","1,2",1,0,,high,2,ccss+stated_stem
NS-BASE10-0011,NS-COMP-ORDER-0011,NS-BASE10,NS-COMP-ORDER,Compare and order numbers by using place value.,Compare and order multi-digit numbers by using a number line,"1,2,3,4",1,1,1,0,,high,2,ccss+stated_stem
NS-BASE10-0011,NS-COMP-ORDER-0012,NS-BASE10,NS-COMP-ORDER,Compare and order numbers by using place value.,Compare and order multi-digit numbers by using a number line,"1,2,3,4",2,2,1,0,,high,2,ccss+stated_stem
NS-COMP-ORDER-0005,NS-COUNT-0014,NS-COMP-ORDER,NS-COUNT,"Order and compare sets, lengths, and numerals.","Count on from a number other than 1, and name the number tha","PK,K","K,1",K,0,1,0.143,high,2,lesson+stated_stem
NS-COMP-ORDER-0005,NS-ESTIMATE-0002,NS-COMP-ORDER,NS-ESTIMATE,"Order and compare sets, lengths, and numerals.",Determine the relative size and position of numbers by using,"PK,K","PK,K","PK,K",1,0,,medium,2,ccss+stated_stem
NS-COMP-ORDER-0006,NS-COUNT-0014,NS-COMP-ORDER,NS-COUNT,"Order and compare sets, lengths, and numerals.","Count on from a number other than 1, and name the number tha","PK,K,1","K,1","K,1",0,1,0.071,high,2,lesson+stated_stem
NS-COMP-ORDER-0007,NS-ESTIMATE-0003,NS-COMP-ORDER,NS-ESTIMATE,"Order and compare sets, lengths, and numerals.",Determine the relative size and position of numbers by using,"PK,K","PK,K","PK,K",1,0,,medium,2,ccss+stated_stem
NS-COMP-ORDER-0008,NS-ESTIMATE-0003,NS-COMP-ORDER,NS-ESTIMATE,"Order and compare sets, lengths, and numerals.",Determine the relative size and position of numbers by using,"PK,K","PK,K","PK,K",1,0,,medium,2,ccss+stated_stem
NS-COMP-ORDER-0009,NS-ESTIMATE-0003,NS-COMP-ORDER,NS-ESTIMATE,Compare numbers within 10 by using their positions on the nu,Determine the relative size and position of numbers by using,K,"PK,K",K,1,0,,medium,2,ccss+stated_stem
NS-COUNT-0017,OE-ADD-SUB-0006,NS-COUNT,OE-ADD-SUB,"Count on from a given number by using spatial, auditory, or ",Add and Subtract whole numbers by applying properties of ope,"K,1","1,2",1,1,0,,high,2,ccss+stated_stem
NS-COUNT-0017,OE-ADD-SUB-0007,NS-COUNT,OE-ADD-SUB,"Count on from a given number by using spatial, auditory, or ",Add and Subtract whole numbers by applying properties of ope,"K,1","1,2",1,1,0,,high,2,ccss+stated_stem
NS-COUNT-0017,OE-ADD-SUB-0009,NS-COUNT,OE-ADD-SUB,"Count on from a given number by using spatial, auditory, or ",Fluently add and subtract within 18,"K,1",1,1,1,0,,high,2,ccss+stated_stem
NS-COUNT-0017,OE-ADD-SUB-0012,NS-COUNT,OE-ADD-SUB,"Count on from a given number by using spatial, auditory, or ",Fluently add and subtract within 18,"K,1",1,1,1,0,,high,2,ccss+stated_stem
MD-TIME-0014,RP-COORD-0006,MD-TIME,RP-COORD,Convert between time duration units.,"Construct Quadrant I of a coordinate system, plot points, an",5,5,5,0,2,0.143,,1,lesson
NS-COMP-ORDER-0007,NS-COUNT-0017,NS-COMP-ORDER,NS-COUNT,"Order and compare sets, lengths, and numerals.","Count on from a given number by using spatial, auditory, or ","PK,K","K,1",K,2,0,,,1,ccss
NS-COUNT-0006,NS-ESTIMATE-0006,NS-COUNT,NS-ESTIMATE,Count out a group of up to 10 objects. (Megan-DONE),Make a thoughtful guess about the number of objects in a gro,"PK,K",K,K,2,0,,,1,ccss
NS-COUNT-0017,NS-ESTIMATE-0002,NS-COUNT,NS-ESTIMATE,"Count on from a given number by using spatial, auditory, or ",Determine the relative size and position of numbers by using,"K,1","PK,K",K,2,0,,,1,ccss
EE-EQ-1V-0001,EE-INEQ-1V-0002,EE-EQ-1V,EE-INEQ-1V,Read and write equations in one variable and verify possible,Explain the meaning of an inequality and its solution set an,6,"6,7",6,1,0,,,1,ccss
EE-EQ-1V-0001,EE-INEQ-1V-0003,EE-EQ-1V,EE-INEQ-1V,Read and write equations in one variable and verify possible,Explain the meaning of an inequality and its solution set an,6,"6,7",6,1,0,,,1,ccss
EE-EQ-1V-0001,EE-INEQ-1V-0004,EE-EQ-1V,EE-INEQ-1V,Read and write equations in one variable and verify possible,Explain the meaning of an inequality and its solution set an,6,"6,7",6,1,0,,,1,ccss
EE-EQ-1V-0001,EE-INEQ-1V-0010,EE-EQ-1V,EE-INEQ-1V,Read and write equations in one variable and verify possible,Use substitution to verify solutions to an inequality and re,6,"6,7",6,1,0,,,1,ccss
EE-EQ-1V-0002,EE-INEQ-1V-0002,EE-EQ-1V,EE-INEQ-1V,Read and write equations in one variable and verify possible,Explain the meaning of an inequality and its solution set an,,"6,7",,1,0,,,1,ccss
EE-EQ-1V-0002,EE-INEQ-1V-0003,EE-EQ-1V,EE-INEQ-1V,Read and write equations in one variable and verify possible,Explain the meaning of an inequality and its solution set an,,"6,7",,1,0,,,1,ccss
EE-EQ-1V-0002,EE-INEQ-1V-0004,EE-EQ-1V,EE-INEQ-1V,Read and write equations in one variable and verify possible,Explain the meaning of an inequality and its solution set an,,"6,7",,1,0,,,1,ccss
EE-EQ-1V-0002,EE-INEQ-1V-0010,EE-EQ-1V,EE-INEQ-1V,Read and write equations in one variable and verify possible,Use substitution to verify solutions to an inequality and re,,"6,7",,1,0,,,1,ccss
EE-EQ-1V-0003,EE-EXPR-GEN-0026,EE-EQ-1V,EE-EXPR-GEN,Read and write equations in one variable and verify possible,Evaluate an expression by substituting given numbers for the,"5,6,7","6,7,8,A1","6,7",1,0,,,1,ccss
EE-EQ-1V-0003,EE-EXPR-GEN-0027,EE-EQ-1V,EE-EXPR-GEN,Read and write equations in one variable and verify possible,Evaluate an expression by substituting given numbers for the,"5,6,7","6,7,8,A1","6,7",1,0,,,1,ccss
EE-EQ-1V-0003,EE-EXPR-GEN-0028,EE-EQ-1V,EE-EXPR-GEN,Read and write equations in one variable and verify possible,Evaluate an expression by substituting given numbers for the,"5,6,7","6,7,8,A1","6,7",1,0,,,1,ccss
EE-EQ-1V-0003,EE-EXPR-GEN-0029,EE-EQ-1V,EE-EXPR-GEN,Read and write equations in one variable and verify possible,Evaluate an expression by substituting given numbers for the,"5,6,7","6,7,8,A1","6,7",1,0,,,1,ccss
EE-EQ-1V-0003,EE-INEQ-1V-0002,EE-EQ-1V,EE-INEQ-1V,Read and write equations in one variable and verify possible,Explain the meaning of an inequality and its solution set an,"5,6,7","6,7","6,7",1,0,,,1,ccss
EE-EQ-1V-0003,EE-INEQ-1V-0003,EE-EQ-1V,EE-INEQ-1V,Read and write equations in one variable and verify possible,Explain the meaning of an inequality and its solution set an,"5,6,7","6,7","6,7",1,0,,,1,ccss
EE-EQ-1V-0003,EE-INEQ-1V-0004,EE-EQ-1V,EE-INEQ-1V,Read and write equations in one variable and verify possible,Explain the meaning of an inequality and its solution set an,"5,6,7","6,7","6,7",1,0,,,1,ccss
EE-EQ-1V-0003,EE-INEQ-1V-0010,EE-EQ-1V,EE-INEQ-1V,Read and write equations in one variable and verify possible,Use substitution to verify solutions to an inequality and re,"5,6,7","6,7","6,7",1,0,,,1,ccss
EE-EQ-1V-0004,EE-EXPR-GEN-0026,EE-EQ-1V,EE-EXPR-GEN,Read and write equations in one variable and verify possible,Evaluate an expression by substituting given numbers for the,"5,6,7","6,7,8,A1","6,7",1,0,,,1,ccss
EE-EQ-1V-0004,EE-EXPR-GEN-0027,EE-EQ-1V,EE-EXPR-GEN,Read and write equations in one variable and verify possible,Evaluate an expression by substituting given numbers for the,"5,6,7","6,7,8,A1","6,7",1,0,,,1,ccss
EE-EQ-1V-0004,EE-EXPR-GEN-0028,EE-EQ-1V,EE-EXPR-GEN,Read and write equations in one variable and verify possible,Evaluate an expression by substituting given numbers for the,"5,6,7","6,7,8,A1","6,7",1,0,,,1,ccss
EE-EQ-1V-0004,EE-EXPR-GEN-0029,EE-EQ-1V,EE-EXPR-GEN,Read and write equations in one variable and verify possible,Evaluate an expression by substituting given numbers for the,"5,6,7","6,7,8,A1","6,7",1,0,,,1,ccss
EE-EQ-1V-0004,EE-INEQ-1V-0002,EE-EQ-1V,EE-INEQ-1V,Read and write equations in one variable and verify possible,Explain the meaning of an inequality and its solution set an,"5,6,7","6,7","6,7",1,0,,,1,ccss
EE-EQ-1V-0004,EE-INEQ-1V-0003,EE-EQ-1V,EE-INEQ-1V,Read and write equations in one variable and verify possible,Explain the meaning of an inequality and its solution set an,"5,6,7","6,7","6,7",1,0,,,1,ccss
EE-EQ-1V-0004,EE-INEQ-1V-0004,EE-EQ-1V,EE-INEQ-1V,Read and write equations in one variable and verify possible,Explain the meaning of an inequality and its solution set an,"5,6,7","6,7","6,7",1,0,,,1,ccss
EE-EQ-1V-0004,EE-INEQ-1V-0010,EE-EQ-1V,EE-INEQ-1V,Read and write equations in one variable and verify possible,Use substitution to verify solutions to an inequality and re,"5,6,7","6,7","6,7",1,0,,,1,ccss
EE-EQ-1V-0006,EE-INEQ-1V-0002,EE-EQ-1V,EE-INEQ-1V,Write a linear equation in one variable to represent a situa,Explain the meaning of an inequality and its solution set an,"5,6,7,8,A1","6,7","6,7",1,0,,,1,ccss
EE-EQ-1V-0006,EE-INEQ-1V-0003,EE-EQ-1V,EE-INEQ-1V,Write a linear equation in one variable to represent a situa,Explain the meaning of an inequality and its solution set an,"5,6,7,8,A1","6,7","6,7",1,0,,,1,ccss
EE-EQ-1V-0006,EE-INEQ-1V-0004,EE-EQ-1V,EE-INEQ-1V,Write a linear equation in one variable to represent a situa,Explain the meaning of an inequality and its solution set an,"5,6,7,8,A1","6,7","6,7",1,0,,,1,ccss
EE-EQ-1V-0006,EE-INEQ-1V-0005,EE-EQ-1V,EE-INEQ-1V,Write a linear equation in one variable to represent a situa,Explain the meaning of an inequality and its solution set an,"5,6,7,8,A1","6,7","6,7",1,0,,,1,ccss
EE-EQ-1V-0006,EE-INEQ-1V-0006,EE-EQ-1V,EE-INEQ-1V,Write a linear equation in one variable to represent a situa,Explain the meaning of an inequality and its solution set an,"5,6,7,8,A1","6,7","6,7",1,0,,,1,ccss
EE-EQ-1V-0006,EE-INEQ-1V-0007,EE-EQ-1V,EE-INEQ-1V,Write a linear equation in one variable to represent a situa,Explain the meaning of an inequality and its solution set an,"5,6,7,8,A1","6,7","6,7",1,0,,,1,ccss
EE-EQ-1V-0006,EE-INEQ-1V-0008,EE-EQ-1V,EE-INEQ-1V,Write a linear equation in one variable to represent a situa,Explain the meaning of an inequality and its solution set an,"5,6,7,8,A1","6,7","6,7",1,0,,,1,ccss
EE-EQ-1V-0006,EE-INEQ-1V-0023,EE-EQ-1V,EE-INEQ-1V,Write a linear equation in one variable to represent a situa,"Solve inequalities of the forms ax+b<c, ax+b≤c, ax+b>c, and ","5,6,7,8,A1",7,7,1,0,,,1,ccss
EE-EQ-1V-0007,EE-INEQ-1V-0002,EE-EQ-1V,EE-INEQ-1V,Write a linear equation in one variable to represent a situa,Explain the meaning of an inequality and its solution set an,"7,A1","6,7",7,1,0,,,1,ccss
EE-EQ-1V-0007,EE-INEQ-1V-0003,EE-EQ-1V,EE-INEQ-1V,Write a linear equation in one variable to represent a situa,Explain the meaning of an inequality and its solution set an,"7,A1","6,7",7,1,0,,,1,ccss
EE-EQ-1V-0007,EE-INEQ-1V-0004,EE-EQ-1V,EE-INEQ-1V,Write a linear equation in one variable to represent a situa,Explain the meaning of an inequality and its solution set an,"7,A1","6,7",7,1,0,,,1,ccss
EE-EQ-1V-0007,EE-INEQ-1V-0005,EE-EQ-1V,EE-INEQ-1V,Write a linear equation in one variable to represent a situa,Explain the meaning of an inequality and its solution set an,"7,A1","6,7",7,1,0,,,1,ccss
EE-EQ-1V-0007,EE-INEQ-1V-0006,EE-EQ-1V,EE-INEQ-1V,Write a linear equation in one variable to represent a situa,Explain the meaning of an inequality and its solution set an,"7,A1","6,7",7,1,0,,,1,ccss
EE-EQ-1V-0007,EE-INEQ-1V-0007,EE-EQ-1V,EE-INEQ-1V,Write a linear equation in one variable to represent a situa,Explain the meaning of an inequality and its solution set an,"7,A1","6,7",7,1,0,,,1,ccss
EE-EQ-1V-0007,EE-INEQ-1V-0008,EE-EQ-1V,EE-INEQ-1V,Write a linear equation in one variable to represent a situa,Explain the meaning of an inequality and its solution set an,"7,A1","6,7",7,1,0,,,1,ccss
EE-EQ-1V-0007,EE-INEQ-1V-0023,EE-EQ-1V,EE-INEQ-1V,Write a linear equation in one variable to represent a situa,"Solve inequalities of the forms ax+b<c, ax+b≤c, ax+b>c, and ","7,A1",7,7,1,0,,,1,ccss
EE-INEQ-1V-0001,NS-INT-RAT-0007,EE-INEQ-1V,NS-INT-RAT,Explain the meaning of an inequality and its solution set an,Compare and order rational numbers.,"6,7",6,6,1,0,,,1,ccss
EE-INEQ-1V-0001,NS-INT-RAT-0008,EE-INEQ-1V,NS-INT-RAT,Explain the meaning of an inequality and its solution set an,Compare and order rational numbers.,"6,7",6,6,1,0,,,1,ccss
EE-INEQ-1V-0002,NS-INT-RAT-0007,EE-INEQ-1V,NS-INT-RAT,Explain the meaning of an inequality and its solution set an,Compare and order rational numbers.,"6,7",6,6,1,0,,,1,ccss
EE-INEQ-1V-0002,NS-INT-RAT-0008,EE-INEQ-1V,NS-INT-RAT,Explain the meaning of an inequality and its solution set an,Compare and order rational numbers.,"6,7",6,6,1,0,,,1,ccss
EE-INEQ-1V-0003,NS-INT-RAT-0007,EE-INEQ-1V,NS-INT-RAT,Explain the meaning of an inequality and its solution set an,Compare and order rational numbers.,"6,7",6,6,1,0,,,1,ccss
EE-INEQ-1V-0003,NS-INT-RAT-0008,EE-INEQ-1V,NS-INT-RAT,Explain the meaning of an inequality and its solution set an,Compare and order rational numbers.,"6,7",6,6,1,0,,,1,ccss
EE-INEQ-1V-0004,NS-INT-RAT-0007,EE-INEQ-1V,NS-INT-RAT,Explain the meaning of an inequality and its solution set an,Compare and order rational numbers.,"6,7",6,6,1,0,,,1,ccss
EE-INEQ-1V-0004,NS-INT-RAT-0008,EE-INEQ-1V,NS-INT-RAT,Explain the meaning of an inequality and its solution set an,Compare and order rational numbers.,"6,7",6,6,1,0,,,1,ccss
EE-INEQ-1V-0005,NS-INT-RAT-0007,EE-INEQ-1V,NS-INT-RAT,Explain the meaning of an inequality and its solution set an,Compare and order rational numbers.,"6,7",6,6,1,0,,,1,ccss
EE-INEQ-1V-0005,NS-INT-RAT-0008,EE-INEQ-1V,NS-INT-RAT,Explain the meaning of an inequality and its solution set an,Compare and order rational numbers.,"6,7",6,6,1,0,,,1,ccss
EE-INEQ-1V-0006,NS-INT-RAT-0007,EE-INEQ-1V,NS-INT-RAT,Explain the meaning of an inequality and its solution set an,Compare and order rational numbers.,"6,7",6,6,1,0,,,1,ccss
EE-INEQ-1V-0006,NS-INT-RAT-0008,EE-INEQ-1V,NS-INT-RAT,Explain the meaning of an inequality and its solution set an,Compare and order rational numbers.,"6,7",6,6,1,0,,,1,ccss
MD-TIME-0002,NS-BASE10-0008,MD-TIME,NS-BASE10,Describe and compare the durations of commonplace activities,"Represent, compose, and decompose numbers.",,"K,1,2,3,4",,0,1,0.083,,1,lesson
MD-TIME-0002,NS-COMP-ORDER-0001,MD-TIME,NS-COMP-ORDER,Describe and compare the durations of commonplace activities,Identify and use ordinal numbers.,,"PK,K",,0,1,0.143,,1,lesson
MD-TIME-0002,NS-COMP-ORDER-0002,MD-TIME,NS-COMP-ORDER,Describe and compare the durations of commonplace activities,Identify and use ordinal numbers.,,"PK,K",,0,1,0.143,,1,lesson
NS-BASE10-0001,NS-ESTIMATE-0006,NS-BASE10,NS-ESTIMATE,Use place value to read and write numbers.,Make a thoughtful guess about the number of objects in a gro,"K,1,2,3,4,5",K,K,0,1,0.1,,1,lesson
NS-BASE10-0002,NS-ESTIMATE-0006,NS-BASE10,NS-ESTIMATE,Use place value to read and write numbers.,Make a thoughtful guess about the number of objects in a gro,"K,1,2,3,4,5",K,K,0,1,0.143,,1,lesson
NS-BASE10-0003,NS-COMP-ORDER-0013,NS-BASE10,NS-COMP-ORDER,Use place value to read and write numbers.,Compare and order multi-digit numbers by using a number line,"K,1,2,3,4,5","3,4","3,4",1,0,,,1,ccss
NS-BASE10-0003,NS-COMP-ORDER-0014,NS-BASE10,NS-COMP-ORDER,Use place value to read and write numbers.,Compare and order multi-digit numbers by using a number line,"K,1,2,3,4,5","4,5","4,5",1,0,,,1,ccss
NS-BASE10-0004,NS-COMP-ORDER-0013,NS-BASE10,NS-COMP-ORDER,Use place value to read and write numbers.,Compare and order multi-digit numbers by using a number line,"1,2,3,4,5","3,4","3,4",1,0,,,1,ccss
NS-BASE10-0005,NS-COMP-ORDER-0013,NS-BASE10,NS-COMP-ORDER,Read and write numbers in expanded form.,Compare and order multi-digit numbers by using a number line,"1,2,3,4,5","3,4","3,4",1,0,,,1,ccss
NS-BASE10-0005,NS-FRAC-0006,NS-BASE10,NS-FRAC,Read and write numbers in expanded form.,Identify and generate equivalent fractions.,"1,2,3,4,5",4,4,0,1,0.125,,1,lesson
NS-BASE10-0005,NS-FRAC-0008,NS-BASE10,NS-FRAC,Read and write numbers in expanded form.,Identify and generate equivalent fractions.,"1,2,3,4,5",,,0,1,0.143,,1,lesson
NS-BASE10-0006,NS-COMP-ORDER-0013,NS-BASE10,NS-COMP-ORDER,Read and write numbers in expanded form.,Compare and order multi-digit numbers by using a number line,"3,4,5","3,4","3,4",1,0,,,1,ccss
NS-BASE10-0008,NS-COMP-ORDER-0013,NS-BASE10,NS-COMP-ORDER,"Represent, compose, and decompose numbers.",Compare and order multi-digit numbers by using a number line,"K,1,2,3,4","3,4","3,4",1,0,,,1,ccss
NS-BASE10-0008,NS-ESTIMATE-0006,NS-BASE10,NS-ESTIMATE,"Represent, compose, and decompose numbers.",Make a thoughtful guess about the number of objects in a gro,"K,1,2,3,4",K,K,0,1,0.143,,1,lesson
NS-BASE10-0008,NS-ESTIMATE-0009,NS-BASE10,NS-ESTIMATE,"Represent, compose, and decompose numbers.",Estimate a number of objects by decomposing and recomposing ,"K,1,2,3,4",2,2,0,1,0.1,,1,lesson
NS-BASE10-0010,NS-COMP-ORDER-0008,NS-BASE10,NS-COMP-ORDER,Compare and order numbers by using place value.,"Order and compare sets, lengths, and numerals.","1,2,3,4","PK,K",,1,0,,,1,ccss
NS-BASE10-0010,NS-COMP-ORDER-0009,NS-BASE10,NS-COMP-ORDER,Compare and order numbers by using place value.,Compare numbers within 10 by using their positions on the nu,"1,2,3,4",K,,1,0,,,1,ccss
NS-BASE10-0010,NS-ESTIMATE-0003,NS-BASE10,NS-ESTIMATE,Compare and order numbers by using place value.,Determine the relative size and position of numbers by using,"1,2,3,4","PK,K",,1,0,,,1,ccss
NS-BASE10-0011,NS-COMP-ORDER-0008,NS-BASE10,NS-COMP-ORDER,Compare and order numbers by using place value.,"Order and compare sets, lengths, and numerals.","1,2,3,4","PK,K",,1,0,,,1,ccss
NS-BASE10-0011,NS-COMP-ORDER-0009,NS-BASE10,NS-COMP-ORDER,Compare and order numbers by using place value.,Compare numbers within 10 by using their positions on the nu,"1,2,3,4",K,,1,0,,,1,ccss
NS-BASE10-0011,NS-ESTIMATE-0003,NS-BASE10,NS-ESTIMATE,Compare and order numbers by using place value.,Determine the relative size and position of numbers by using,"1,2,3,4","PK,K",,1,0,,,1,ccss
NS-BASE10-0019,NS-COMP-ORDER-0014,NS-BASE10,NS-COMP-ORDER,Recognize and describe the relationships between place value,Compare and order multi-digit numbers by using a number line,"4,5","4,5","4,5",0,1,0.167,,1,lesson
NS-BASE10-0019,OE-MUL-DIV-WN-0020,NS-BASE10,OE-MUL-DIV-WN,Recognize and describe the relationships between place value,Develop the standard algorithm for multiplying multi-digit n,"4,5",4,4,1,0,,,1,ccss
NS-BASE10-0019,OE-MUL-DIV-WN-0021,NS-BASE10,OE-MUL-DIV-WN,Recognize and describe the relationships between place value,Develop the standard algorithm for multiplying multi-digit n,"4,5",4,4,1,0,,,1,ccss
NS-BASE10-0019,OE-MUL-DIV-WN-0022,NS-BASE10,OE-MUL-DIV-WN,Recognize and describe the relationships between place value,Develop the standard algorithm for multiplying multi-digit n,"4,5","4,5","4,5",1,0,,,1,ccss
NS-BASE10-0019,OE-MUL-DIV-WN-0023,NS-BASE10,OE-MUL-DIV-WN,Recognize and describe the relationships between place value,Develop the standard algorithm for multiplying multi-digit n,"4,5","4,5","4,5",1,0,,,1,ccss
NS-BASE10-0019,OE-MUL-DIV-WN-0024,NS-BASE10,OE-MUL-DIV-WN,Recognize and describe the relationships between place value,Develop the standard algorithm for multiplying multi-digit n,"4,5",5,5,1,0,,,1,ccss
NS-COMP-ORDER-0003,NS-ESTIMATE-0001,NS-COMP-ORDER,NS-ESTIMATE,Compare small sets by matching.,Make thoughtful guesses about the sizes of sets and about wh,"PK,K","PK,K","PK,K",0,1,0.143,low,1,lesson
NS-COMP-ORDER-0005,NS-COUNT-0013,NS-COMP-ORDER,NS-COUNT,"Order and compare sets, lengths, and numerals.","Count on from a number other than 1, and name the number tha","PK,K","K,1",K,1,0,,,1,ccss
NS-COMP-ORDER-0005,NS-COUNT-0017,NS-COMP-ORDER,NS-COUNT,"Order and compare sets, lengths, and numerals.","Count on from a given number by using spatial, auditory, or ","PK,K","K,1",K,1,0,,,1,ccss
NS-COMP-ORDER-0005,NS-COUNT-0020,NS-COMP-ORDER,NS-COUNT,"Order and compare sets, lengths, and numerals.",Count forward or backward from a given number. (Stella- DONE,"PK,K",K,K,1,0,,,1,ccss
NS-COMP-ORDER-0005,OE-ADD-SUB-0004,NS-COMP-ORDER,OE-ADD-SUB,"Order and compare sets, lengths, and numerals.",Count on to add and subtract whole numbers.,"PK,K","K,1,2",K,1,0,,,1,ccss
NS-COMP-ORDER-0005,OE-ADD-SUB-0005,NS-COMP-ORDER,OE-ADD-SUB,"Order and compare sets, lengths, and numerals.",Count on to add and subtract whole numbers.,"PK,K","K,1,2",K,1,0,,,1,ccss
NS-COMP-ORDER-0007,NS-COUNT-0013,NS-COMP-ORDER,NS-COUNT,"Order and compare sets, lengths, and numerals.","Count on from a number other than 1, and name the number tha","PK,K","K,1",K,1,0,,,1,ccss
NS-COMP-ORDER-0007,NS-COUNT-0020,NS-COMP-ORDER,NS-COUNT,"Order and compare sets, lengths, and numerals.",Count forward or backward from a given number. (Stella- DONE,"PK,K",K,K,1,0,,,1,ccss
NS-COMP-ORDER-0007,OE-ADD-SUB-0004,NS-COMP-ORDER,OE-ADD-SUB,"Order and compare sets, lengths, and numerals.",Count on to add and subtract whole numbers.,"PK,K","K,1,2",K,1,0,,,1,ccss
NS-COMP-ORDER-0007,OE-ADD-SUB-0005,NS-COMP-ORDER,OE-ADD-SUB,"Order and compare sets, lengths, and numerals.",Count on to add and subtract whole numbers.,"PK,K","K,1,2",K,1,0,,,1,ccss
NS-COMP-ORDER-0010,NS-COUNT-0024,NS-COMP-ORDER,NS-COUNT,Determine how many more or how many less one group has than ,"Count forward and backward by 1s and 10s, from any number, t","K,1","K,1,2","K,1",0,1,0.083,,1,lesson
NS-COUNT-0002,NS-ESTIMATE-0002,NS-COUNT,NS-ESTIMATE,Use cardinality and one-to-one correspondence to count group,Determine the relative size and position of numbers by using,"PK,K","PK,K","PK,K",1,0,,,1,ccss
NS-COUNT-0002,NS-ESTIMATE-0003,NS-COUNT,NS-ESTIMATE,Use cardinality and one-to-one correspondence to count group,Determine the relative size and position of numbers by using,"PK,K","PK,K","PK,K",1,0,,,1,ccss
NS-COUNT-0002,NS-ESTIMATE-0006,NS-COUNT,NS-ESTIMATE,Use cardinality and one-to-one correspondence to count group,Make a thoughtful guess about the number of objects in a gro,"PK,K",K,K,1,0,,,1,ccss
NS-COUNT-0003,NS-ESTIMATE-0002,NS-COUNT,NS-ESTIMATE,Use cardinality and one-to-one correspondence to count group,Determine the relative size and position of numbers by using,"PK,K","PK,K","PK,K",1,0,,,1,ccss
NS-COUNT-0003,NS-ESTIMATE-0003,NS-COUNT,NS-ESTIMATE,Use cardinality and one-to-one correspondence to count group,Determine the relative size and position of numbers by using,"PK,K","PK,K","PK,K",1,0,,,1,ccss
NS-COUNT-0003,NS-ESTIMATE-0006,NS-COUNT,NS-ESTIMATE,Use cardinality and one-to-one correspondence to count group,Make a thoughtful guess about the number of objects in a gro,"PK,K",K,K,1,0,,,1,ccss
NS-COUNT-0004,NS-ESTIMATE-0002,NS-COUNT,NS-ESTIMATE,Use cardinality and one-to-one correspondence to count group,Determine the relative size and position of numbers by using,"PK,K","PK,K","PK,K",1,0,,,1,ccss
NS-COUNT-0004,NS-ESTIMATE-0003,NS-COUNT,NS-ESTIMATE,Use cardinality and one-to-one correspondence to count group,Determine the relative size and position of numbers by using,"PK,K","PK,K","PK,K",1,0,,,1,ccss
NS-COUNT-0004,NS-ESTIMATE-0006,NS-COUNT,NS-ESTIMATE,Use cardinality and one-to-one correspondence to count group,Make a thoughtful guess about the number of objects in a gro,"PK,K",K,K,1,0,,,1,ccss
NS-COUNT-0005,NS-ESTIMATE-0002,NS-COUNT,NS-ESTIMATE,Use cardinality and one-to-one correspondence to count group,Determine the relative size and position of numbers by using,"PK,K","PK,K","PK,K",1,0,,,1,ccss
NS-COUNT-0005,NS-ESTIMATE-0003,NS-COUNT,NS-ESTIMATE,Use cardinality and one-to-one correspondence to count group,Determine the relative size and position of numbers by using,"PK,K","PK,K","PK,K",1,0,,,1,ccss
NS-COUNT-0005,NS-ESTIMATE-0006,NS-COUNT,NS-ESTIMATE,Use cardinality and one-to-one correspondence to count group,Make a thoughtful guess about the number of objects in a gro,"PK,K",K,K,1,0,,,1,ccss
NS-COUNT-0006,NS-ESTIMATE-0002,NS-COUNT,NS-ESTIMATE,Count out a group of up to 10 objects. (Megan-DONE),Determine the relative size and position of numbers by using,"PK,K","PK,K","PK,K",1,0,,,1,ccss
NS-COUNT-0006,NS-ESTIMATE-0003,NS-COUNT,NS-ESTIMATE,Count out a group of up to 10 objects. (Megan-DONE),Determine the relative size and position of numbers by using,"PK,K","PK,K","PK,K",1,0,,,1,ccss
NS-COUNT-0007,NS-ESTIMATE-0006,NS-COUNT,NS-ESTIMATE,Count and count out groups of more than 10 objects. (Megan-D,Make a thoughtful guess about the number of objects in a gro,K,K,K,1,0,,,1,ccss
NS-COUNT-0009,NS-ESTIMATE-0006,NS-COUNT,NS-ESTIMATE,Count and count out groups of more than 10 objects. (Megan-D,Make a thoughtful guess about the number of objects in a gro,K,K,K,1,0,,,1,ccss
NS-COUNT-0011,NS-ESTIMATE-0004,NS-COUNT,NS-ESTIMATE,Count and count out groups of more than 10 objects. (Megan-D,Determine the relative size and position of numbers by using,1,1,1,1,0,,,1,ccss
NS-COUNT-0013,NS-ESTIMATE-0002,NS-COUNT,NS-ESTIMATE,"Count on from a number other than 1, and name the number tha",Determine the relative size and position of numbers by using,"K,1","PK,K",K,1,0,,,1,ccss
NS-COUNT-0013,NS-ESTIMATE-0004,NS-COUNT,NS-ESTIMATE,"Count on from a number other than 1, and name the number tha",Determine the relative size and position of numbers by using,"K,1",1,1,0,1,0.2,,1,lesson
NS-COUNT-0014,NS-ESTIMATE-0002,NS-COUNT,NS-ESTIMATE,"Count on from a number other than 1, and name the number tha",Determine the relative size and position of numbers by using,"K,1","PK,K",K,1,0,,,1,ccss
NS-COUNT-0014,NS-ESTIMATE-0003,NS-COUNT,NS-ESTIMATE,"Count on from a number other than 1, and name the number tha",Determine the relative size and position of numbers by using,"K,1","PK,K",K,1,0,,,1,ccss
NS-COUNT-0015,NS-ESTIMATE-0007,NS-COUNT,NS-ESTIMATE,Skip-count by tens. (Megan-DONE),Estimate the number of objects in a group by using a mental ,"K,1,2",2,2,1,0,,,1,ccss
NS-COUNT-0017,NS-ESTIMATE-0003,NS-COUNT,NS-ESTIMATE,"Count on from a given number by using spatial, auditory, or ",Determine the relative size and position of numbers by using,"K,1","PK,K",K,1,0,,,1,ccss
NS-COUNT-0017,NS-ESTIMATE-0006,NS-COUNT,NS-ESTIMATE,"Count on from a given number by using spatial, auditory, or ",Make a thoughtful guess about the number of objects in a gro,"K,1",K,K,1,0,,,1,ccss
NS-COUNT-0018,NS-ESTIMATE-0009,NS-COUNT,NS-ESTIMATE,Skip-count by twos and fives. (Stella- DONE),Estimate a number of objects by decomposing and recomposing ,2,2,2,1,0,,,1,ccss
NS-COUNT-0019,NS-ESTIMATE-0007,NS-COUNT,NS-ESTIMATE,Skip-count by twos and fives. (Stella- DONE),Estimate the number of objects in a group by using a mental ,2,2,2,1,0,,,1,ccss
NS-COUNT-0020,NS-ESTIMATE-0002,NS-COUNT,NS-ESTIMATE,Count forward or backward from a given number. (Stella- DONE,Determine the relative size and position of numbers by using,K,"PK,K",K,1,0,,,1,ccss
NS-COUNT-0020,NS-ESTIMATE-0003,NS-COUNT,NS-ESTIMATE,Count forward or backward from a given number. (Stella- DONE,Determine the relative size and position of numbers by using,K,"PK,K",K,0,1,0.25,,1,lesson
NS-COUNT-0022,NS-ESTIMATE-0004,NS-COUNT,NS-ESTIMATE,"Count beyond 100 by applying patterns of ones, tens, and hun",Determine the relative size and position of numbers by using,"1,2",1,1,1,0,,,1,ccss
NS-COUNT-0022,NS-ESTIMATE-0007,NS-COUNT,NS-ESTIMATE,"Count beyond 100 by applying patterns of ones, tens, and hun",Estimate the number of objects in a group by using a mental ,"1,2",2,2,1,0,,,1,ccss
NS-COUNT-0022,OE-ADD-SUB-0006,NS-COUNT,OE-ADD-SUB,"Count beyond 100 by applying patterns of ones, tens, and hun",Add and Subtract whole numbers by applying properties of ope,"1,2","1,2","1,2",1,0,,,1,ccss
NS-COUNT-0022,OE-ADD-SUB-0007,NS-COUNT,OE-ADD-SUB,"Count beyond 100 by applying patterns of ones, tens, and hun",Add and Subtract whole numbers by applying properties of ope,"1,2","1,2","1,2",1,0,,,1,ccss
NS-ESTIMATE-0002,OE-ADD-SUB-0004,NS-ESTIMATE,OE-ADD-SUB,Determine the relative size and position of numbers by using,Count on to add and subtract whole numbers.,"PK,K","K,1,2",K,1,0,,,1,ccss
NS-ESTIMATE-0002,OE-ADD-SUB-0005,NS-ESTIMATE,OE-ADD-SUB,Determine the relative size and position of numbers by using,Count on to add and subtract whole numbers.,"PK,K","K,1,2",K,1,0,,,1,ccss
NS-ESTIMATE-0009,OE-ADD-SUB-0004,NS-ESTIMATE,OE-ADD-SUB,Estimate a number of objects by decomposing and recomposing ,Count on to add and subtract whole numbers.,2,"K,1,2",2,1,0,,low,1,ccss
NS-ESTIMATE-0009,OE-ADD-SUB-0005,NS-ESTIMATE,OE-ADD-SUB,Estimate a number of objects by decomposing and recomposing ,Count on to add and subtract whole numbers.,2,"K,1,2",2,1,0,,low,1,ccss
NS-ESTIMATE-0009,OE-ADD-SUB-0010,NS-ESTIMATE,OE-ADD-SUB,Estimate a number of objects by decomposing and recomposing ,Fluently add and subtract within 18,2,2,2,1,0,,low,1,ccss
NS-ESTIMATE-0009,OE-ADD-SUB-0013,NS-ESTIMATE,OE-ADD-SUB,Estimate a number of objects by decomposing and recomposing ,Fluently add and subtract within 18,2,2,2,1,0,,low,1,ccss
NS-INT-RAT-0001,RP-COORD-0008,NS-INT-RAT,RP-COORD,Plot rational numbers on a number line and name opposites of,"Construct all four quadrants of a coordinate system, plot po",6,6,6,1,0,,,1,ccss
NS-INT-RAT-0001,RP-COORD-0009,NS-INT-RAT,RP-COORD,Plot rational numbers on a number line and name opposites of,"Construct all four quadrants of a coordinate system, plot po",6,6,6,1,0,,,1,ccss
NS-INT-RAT-0001,RP-COORD-0012,NS-INT-RAT,RP-COORD,Plot rational numbers on a number line and name opposites of,"Construct all four quadrants of a coordinate system, plot po",6,6,6,1,0,,,1,ccss
NS-INT-RAT-0001,RP-COORD-0013,NS-INT-RAT,RP-COORD,Plot rational numbers on a number line and name opposites of,"Construct all four quadrants of a coordinate system, plot po",6,6,6,1,0,,,1,ccss
NS-INT-RAT-0001,RP-COORD-0015,NS-INT-RAT,RP-COORD,Plot rational numbers on a number line and name opposites of,Find the distance between 2 points with same x- or same y-co,6,6,6,1,0,,,1,ccss
NS-INT-RAT-0001,RP-COORD-0016,NS-INT-RAT,RP-COORD,Plot rational numbers on a number line and name opposites of,Find the distance between 2 points with same x- or same y-co,6,6,6,1,0,,,1,ccss
NS-INT-RAT-0001,RP-COORD-0017,NS-INT-RAT,RP-COORD,Plot rational numbers on a number line and name opposites of,Find the distance between 2 points with same x- or same y-co,6,6,6,1,0,,,1,ccss
NS-INT-RAT-0002,RP-COORD-0008,NS-INT-RAT,RP-COORD,Plot rational numbers on a number line and name opposites of,"Construct all four quadrants of a coordinate system, plot po",6,6,6,1,0,,,1,ccss
NS-INT-RAT-0002,RP-COORD-0009,NS-INT-RAT,RP-COORD,Plot rational numbers on a number line and name opposites of,"Construct all four quadrants of a coordinate system, plot po",6,6,6,1,0,,,1,ccss
NS-INT-RAT-0002,RP-COORD-0012,NS-INT-RAT,RP-COORD,Plot rational numbers on a number line and name opposites of,"Construct all four quadrants of a coordinate system, plot po",6,6,6,1,0,,,1,ccss
NS-INT-RAT-0002,RP-COORD-0013,NS-INT-RAT,RP-COORD,Plot rational numbers on a number line and name opposites of,"Construct all four quadrants of a coordinate system, plot po",6,6,6,1,0,,,1,ccss
NS-INT-RAT-0002,RP-COORD-0015,NS-INT-RAT,RP-COORD,Plot rational numbers on a number line and name opposites of,Find the distance between 2 points with same x- or same y-co,6,6,6,1,0,,,1,ccss
NS-INT-RAT-0002,RP-COORD-0016,NS-INT-RAT,RP-COORD,Plot rational numbers on a number line and name opposites of,Find the distance between 2 points with same x- or same y-co,6,6,6,1,0,,,1,ccss
NS-INT-RAT-0002,RP-COORD-0017,NS-INT-RAT,RP-COORD,Plot rational numbers on a number line and name opposites of,Find the distance between 2 points with same x- or same y-co,6,6,6,1,0,,,1,ccss
NS-INT-RAT-0003,RP-COORD-0008,NS-INT-RAT,RP-COORD,Plot rational numbers on a number line and name opposites of,"Construct all four quadrants of a coordinate system, plot po",6,6,6,1,0,,,1,ccss
NS-INT-RAT-0003,RP-COORD-0009,NS-INT-RAT,RP-COORD,Plot rational numbers on a number line and name opposites of,"Construct all four quadrants of a coordinate system, plot po",6,6,6,1,0,,,1,ccss
NS-INT-RAT-0003,RP-COORD-0012,NS-INT-RAT,RP-COORD,Plot rational numbers on a number line and name opposites of,"Construct all four quadrants of a coordinate system, plot po",6,6,6,1,0,,,1,ccss
NS-INT-RAT-0003,RP-COORD-0013,NS-INT-RAT,RP-COORD,Plot rational numbers on a number line and name opposites of,"Construct all four quadrants of a coordinate system, plot po",6,6,6,1,0,,,1,ccss
NS-INT-RAT-0003,RP-COORD-0015,NS-INT-RAT,RP-COORD,Plot rational numbers on a number line and name opposites of,Find the distance between 2 points with same x- or same y-co,6,6,6,1,0,,,1,ccss
NS-INT-RAT-0003,RP-COORD-0016,NS-INT-RAT,RP-COORD,Plot rational numbers on a number line and name opposites of,Find the distance between 2 points with same x- or same y-co,6,6,6,1,0,,,1,ccss
NS-INT-RAT-0003,RP-COORD-0017,NS-INT-RAT,RP-COORD,Plot rational numbers on a number line and name opposites of,Find the distance between 2 points with same x- or same y-co,6,6,6,1,0,,,1,ccss
NS-INT-RAT-0004,RP-COORD-0007,NS-INT-RAT,RP-COORD,Plot rational numbers on a number line and name opposites of,"Construct all four quadrants of a coordinate system, plot po",,6,,1,0,,,1,ccss
NS-INT-RAT-0004,RP-COORD-0008,NS-INT-RAT,RP-COORD,Plot rational numbers on a number line and name opposites of,"Construct all four quadrants of a coordinate system, plot po",,6,,1,0,,,1,ccss
NS-INT-RAT-0004,RP-COORD-0009,NS-INT-RAT,RP-COORD,Plot rational numbers on a number line and name opposites of,"Construct all four quadrants of a coordinate system, plot po",,6,,1,0,,,1,ccss
OE-ADD-SUB-0004,OE-MUL-DIV-WN-0001,OE-ADD-SUB,OE-MUL-DIV-WN,Count on to add and subtract whole numbers.,"Write repeated addition as multiplication, and multiply whol","K,1,2",2,2,1,0,,,1,ccss
OE-ADD-SUB-0005,OE-MUL-DIV-WN-0001,OE-ADD-SUB,OE-MUL-DIV-WN,Count on to add and subtract whole numbers.,"Write repeated addition as multiplication, and multiply whol","K,1,2",2,2,1,0,,,1,ccss
