source,node_id,source_key,from_stem,related_text,status,noise_reason,reparse_kind,target_stems,cross_stem_targets,same_ladder_targets,target_has_nodes,match_method,match_confidence,concept_candidates,node_candidates,residual_tokens,notes
node_links,MD-ANGLES-0001,MD-ANGLES:f32a9d04e988aa6b,MD-ANGLES,Spatial Thinking,kept,,,SS-SPATIAL,SS-SPATIAL,,0,exact_name,high,,,,
node_links,MD-ANGLES-0002,MD-ANGLES:21d156ad8783a1a2,MD-ANGLES,"Shape classification (rectangles, squares)",kept,,,MD-ANGLES;SS-CLASSIFY,SS-CLASSIFY,,0,concept_overlap,low,"SS-CLASSIFY: Classify/Categorize shapes, identify relationships within and between categories (containment 1.0, workbook_concept) | MD-ANGLES: Classify angles (and connect to perpendicular lines and shape classification)

acute, righ (containment 1.0, workbook_concept)",,shape classification,
node_links,MD-ANGLES-0002,MD-ANGLES:21d156ad8783a1a2,MD-ANGLES,Parallel/perpendicular (informal),kept,,,,,,0,none,none,"MD-ANGLES: Classify angles, and draw angles made of perpendicular lines (containment 0.5, ladder_heading)",,parallel perpendicular,
node_links,MD-ANGLES-0002,MD-ANGLES:21d156ad8783a1a2,MD-ANGLES,Congruence-as-superposition,kept,,,,,,0,none,none,,,congruence superposition,
node_links,MD-ANGLES-0003,MD-ANGLES:ed3ea4006096f1d6,MD-ANGLES,"Shape classification (rectangles, squares)",kept,,,MD-ANGLES;SS-CLASSIFY,SS-CLASSIFY,,0,concept_overlap,low,"SS-CLASSIFY: Classify/Categorize shapes, identify relationships within and between categories (containment 1.0, workbook_concept) | MD-ANGLES: Classify angles (and connect to perpendicular lines and shape classification)

acute, righ (containment 1.0, workbook_concept)",,shape classification,
node_links,MD-ANGLES-0003,MD-ANGLES:ed3ea4006096f1d6,MD-ANGLES,Parallel/perpendicular (informal),kept,,,,,,0,none,none,"MD-ANGLES: Classify angles, and draw angles made of perpendicular lines (containment 0.5, ladder_heading)",,parallel perpendicular,
node_links,MD-ANGLES-0003,MD-ANGLES:ed3ea4006096f1d6,MD-ANGLES,Congruence-as-superposition,kept,,,,,,0,none,none,,,congruence superposition,
node_links,NS-COMP-ORDER-0011,NS-COMP-ORDER:8367f2788953e5d3,NS-COMP-ORDER,Whole Numbers and Base Ten Structure,kept,,,NS-BASE10,NS-BASE10,,1,exact_name,high,,,,
node_links,NS-COMP-ORDER-0011,NS-COMP-ORDER:8367f2788953e5d3,NS-COMP-ORDER,Ordering,kept,,,NS-COMP-ORDER,,,0,exact_name,same_ladder,,,,
node_links,NS-COMP-ORDER-0011,NS-COMP-ORDER:8367f2788953e5d3,NS-COMP-ORDER,Likely 1 instructional period,noise,time_estimate,,,,,,,,,,,
node_links,NS-COMP-ORDER-0012,NS-COMP-ORDER:58ec03661c5f2d1b,NS-COMP-ORDER,Whole Numbers and Base Ten Structure,kept,,,NS-BASE10,NS-BASE10,,1,exact_name,high,,,,
node_links,NS-COMP-ORDER-0012,NS-COMP-ORDER:58ec03661c5f2d1b,NS-COMP-ORDER,Ordering,kept,,,NS-COMP-ORDER,,,0,exact_name,same_ladder,,,,
node_links,NS-COMP-ORDER-0012,NS-COMP-ORDER:58ec03661c5f2d1b,NS-COMP-ORDER,Likely 1 instructional period,noise,time_estimate,,,,,,,,,,,
node_links,NS-COUNT-0001,NS-COUNT:0917cb26ae32f1aa,NS-COUNT,Whole Numbers and Base Ten Structure,kept,,,NS-BASE10,NS-BASE10,,1,exact_name,high,,,,
node_links,NS-COUNT-0002,NS-COUNT:77dc7c2a4306b859,NS-COUNT,Whole Numbers and Base Ten Structure,kept,,,NS-BASE10,NS-BASE10,,1,exact_name,high,,,,
node_links,NS-COUNT-0003,NS-COUNT:f6c0498466ae270b,NS-COUNT,Whole Numbers and Base Ten Structure,kept,,,NS-BASE10,NS-BASE10,,1,exact_name,high,,,,
node_links,NS-COUNT-0004,NS-COUNT:9d293fb9e2208064,NS-COUNT,Whole Numbers and Base Ten Structure,kept,,,NS-BASE10,NS-BASE10,,1,exact_name,high,,,,
node_links,NS-COUNT-0005,NS-COUNT:1776de471aac4b52,NS-COUNT,Whole Numbers and Base Ten Structure,kept,,,NS-BASE10,NS-BASE10,,1,exact_name,high,,,,
node_links,NS-COUNT-0006,NS-COUNT:1b10b9bd7d88c11e,NS-COUNT,Whole Numbers and Base Ten Structure,kept,,,NS-BASE10,NS-BASE10,,1,exact_name,high,,,,
node_links,NS-COUNT-0007,NS-COUNT:65c4616433af5344,NS-COUNT,Whole Numbers and Base Ten Structure,kept,,,NS-BASE10,NS-BASE10,,1,exact_name,high,,,,
node_links,NS-COUNT-0008,NS-COUNT:3ded16ecbe5a6077,NS-COUNT,Whole Numbers and Base Ten Structure,kept,,,NS-BASE10,NS-BASE10,,1,exact_name,high,,,,
node_links,NS-COUNT-0009,NS-COUNT:3511be155853d07f,NS-COUNT,Whole Numbers and Base Ten Structure,kept,,,NS-BASE10,NS-BASE10,,1,exact_name,high,,,,
node_links,NS-COUNT-0010,NS-COUNT:454783b1f3b8554b,NS-COUNT,Whole Numbers and Base Ten Structure,kept,,,NS-BASE10,NS-BASE10,,1,exact_name,high,,,,
node_links,NS-COUNT-0011,NS-COUNT:64aadc1fe4cda757,NS-COUNT,Whole Numbers and Base Ten Structure,kept,,,NS-BASE10,NS-BASE10,,1,exact_name,high,,,,
node_links,NS-COUNT-0012,NS-COUNT:12274dea31cbbfc7,NS-COUNT,Whole Numbers and Base Ten Structure,kept,,,NS-BASE10,NS-BASE10,,1,exact_name,high,,,,
node_links,NS-COUNT-0013,NS-COUNT:79f0447fb64554f3,NS-COUNT,Whole Numbers and Base Ten Structure,kept,,,NS-BASE10,NS-BASE10,,1,exact_name,high,,,,
node_links,NS-COUNT-0013,NS-COUNT:79f0447fb64554f3,NS-COUNT,Lays the foundation for counting on in Addition and Subtraction,kept,,,OE-ADD-SUB,OE-ADD-SUB,,1,name_inside_text,medium,"OE-ADD-SUB: Count on to add and subtract whole numbers. (containment 1.0, ladder_heading) | OE-ADD-SUB: Count on to add and subtract whole numbers (containment 1.0, workbook_concept)",,counting,
node_links,NS-COUNT-0014,NS-COUNT:40305d48c35e618e,NS-COUNT,Comparing and Ordering,kept,,,NS-COMP-ORDER,NS-COMP-ORDER,,1,exact_name,high,,,,
node_links,NS-COUNT-0014,NS-COUNT:40305d48c35e618e,NS-COUNT,GK: 1-2,noise,time_estimate,,,,,,,,,,,
node_links,NS-COUNT-0014,NS-COUNT:40305d48c35e618e,NS-COUNT,G1: 1 or this might be a part of other instructional periods (comparing and ordering),noise,after_run_ended,,,,,,,,,,,
node_links,NS-COUNT-0014,NS-COUNT:40305d48c35e618e,NS-COUNT,Associated Concepts from Other Stems,noise,header_echo,,,,,,,,,,,
node_links,NS-COUNT-0014,NS-COUNT:40305d48c35e618e,NS-COUNT,Whole Numbers and Base Ten Structure,kept,,,NS-BASE10,NS-BASE10,,1,exact_name,high,,,,
node_links,NS-COUNT-0014,NS-COUNT:40305d48c35e618e,NS-COUNT,Lays the foundation for counting on in Addition and Subtraction,kept,,,OE-ADD-SUB,OE-ADD-SUB,,1,name_inside_text,medium,"OE-ADD-SUB: Count on to add and subtract whole numbers. (containment 1.0, ladder_heading) | OE-ADD-SUB: Count on to add and subtract whole numbers (containment 1.0, workbook_concept)",,counting,
node_links,NS-COUNT-0015,NS-COUNT:4f10b48b8bbc40ec,NS-COUNT,Whole Numbers and Base Ten Structure,kept,,,NS-BASE10,NS-BASE10,,1,exact_name,high,,,,
node_links,NS-COUNT-0016,NS-COUNT:8ff418e688096bf3,NS-COUNT,Whole Numbers and Base Ten Structure,kept,,,NS-BASE10,NS-BASE10,,1,exact_name,high,,,,
node_links,NS-COUNT-0017,NS-COUNT:210a48f6a5e62afa,NS-COUNT,Addition and Subtraction,kept,,,OE-ADD-SUB,OE-ADD-SUB,,1,exact_name,high,,,,
node_links,NS-COUNT-0017,NS-COUNT:210a48f6a5e62afa,NS-COUNT,Lesson Ideas:,noise,section_heading,,,,,,,,,,,
node_links,NS-COUNT-0017,NS-COUNT:210a48f6a5e62afa,NS-COUNT,GK M5 L7,noise,after_run_ended,,,,,,,,,,,
node_links,NS-COUNT-0017,NS-COUNT:210a48f6a5e62afa,NS-COUNT,GK M5 L18,noise,after_run_ended,,,,,,,,,,,
node_links,NS-COUNT-0017,NS-COUNT:210a48f6a5e62afa,NS-COUNT,"GK M6 L5, 16, 17, 18, 19",noise,after_run_ended,,,,,,,,,,,
node_links,NS-COUNT-0017,NS-COUNT:210a48f6a5e62afa,NS-COUNT,"G1 M1 TB, TC",noise,after_run_ended,,,,,,,,,,,
node_links,NS-COUNT-0017,NS-COUNT:210a48f6a5e62afa,NS-COUNT,"Fluency ideas (GK M1, M5, M6):",noise,after_run_ended,,,,,,,,,,,
node_links,NS-COUNT-0017,NS-COUNT:210a48f6a5e62afa,NS-COUNT,Counting with Movement to 10,noise,after_run_ended,,,,,,,,,,,
node_links,NS-COUNT-0018,NS-COUNT:716292cf4a683c70,NS-COUNT,Measurement and Data (Time),kept,,,MD-TIME,MD-TIME,,1,group_member,medium,,,,
node_links,NS-COUNT-0018,NS-COUNT:716292cf4a683c70,NS-COUNT,Lays the foundation for Multiplication,kept,,,OE-MUL-DIV-FRAC;OE-MUL-DIV-WN,OE-MUL-DIV-FRAC;OE-MUL-DIV-WN,,1,name_prefix,low,,,,
node_links,NS-COUNT-0018,NS-COUNT:716292cf4a683c70,NS-COUNT,Fluency Ideas,noise,section_heading,,,,,,,,,,,
node_links,NS-COUNT-0018,NS-COUNT:716292cf4a683c70,NS-COUNT,Finger Flash: Doubles (EM2 G1 M1 TC L16),noise,after_run_ended,,,,,,,,,,,
node_links,NS-COUNT-0018,NS-COUNT:716292cf4a683c70,NS-COUNT,Choral Response: Doubles on the Rekenrek (EM2 G1 M1 TD L22),noise,after_run_ended,,,,,,,,,,,
node_links,NS-COUNT-0018,NS-COUNT:716292cf4a683c70,NS-COUNT,Skip-Counting Squats (G1 M1 L8- TX Bluebonnet Learning),noise,after_run_ended,,,,,,,,,,,
node_links,NS-COUNT-0018,NS-COUNT:716292cf4a683c70,NS-COUNT,Sparkle: Counting by Twos (G1 M1 L22- TX Bluebonnet Learning),noise,after_run_ended,,,,,,,,,,,
node_links,NS-COUNT-0018,NS-COUNT:716292cf4a683c70,NS-COUNT,Happy Counting by Twos (G1 M1 L23-TX Bluebonnet Learning),noise,after_run_ended,,,,,,,,,,,
node_links,NS-COUNT-0019,NS-COUNT:8de2091818c408fa,NS-COUNT,Measurement and Data (Time),kept,,,MD-TIME,MD-TIME,,1,group_member,medium,,,,
node_links,NS-COUNT-0019,NS-COUNT:8de2091818c408fa,NS-COUNT,Lays the foundation for Multiplication,kept,,,OE-MUL-DIV-FRAC;OE-MUL-DIV-WN,OE-MUL-DIV-FRAC;OE-MUL-DIV-WN,,1,name_prefix,low,,,,
node_links,NS-COUNT-0019,NS-COUNT:8de2091818c408fa,NS-COUNT,Fluency Ideas,noise,section_heading,,,,,,,,,,,
node_links,NS-COUNT-0019,NS-COUNT:8de2091818c408fa,NS-COUNT,Sprint: Count by Fives,noise,after_run_ended,,,,,,,,,,,
node_links,NS-COUNT-0019,NS-COUNT:8de2091818c408fa,NS-COUNT,Counting on the Number Line by Fives Within 60,noise,after_run_ended,,,,,,,,,,,
node_links,NS-COUNT-0019,NS-COUNT:8de2091818c408fa,NS-COUNT,Counting on the Clock (EM2 G2 M3 L19),noise,after_run_ended,,,,,,,,,,,
node_links,NS-COUNT-0019,NS-COUNT:8de2091818c408fa,NS-COUNT,"Counting the Math Way by Tens, Fives, and Twos (EM2 G2 M6)",noise,after_run_ended,,,,,,,,,,,
node_links,NS-COUNT-0019,NS-COUNT:8de2091818c408fa,NS-COUNT,Additional Notes,noise,after_run_ended,,,,,,,,,,,
node_links,NS-COUNT-0020,NS-COUNT:43468359bcb0f440,NS-COUNT,Whole Numbers and Base Ten Structure,kept,,,NS-BASE10,NS-BASE10,,1,exact_name,high,,,,
node_links,NS-COUNT-0020,NS-COUNT:43468359bcb0f440,NS-COUNT,Addition and Subtraction,kept,,,OE-ADD-SUB,OE-ADD-SUB,,1,exact_name,high,,,,
node_links,NS-COUNT-0020,NS-COUNT:43468359bcb0f440,NS-COUNT,Likely 2 periods,noise,time_estimate,,,,,,,,,,,
node_links,NS-COUNT-0021,NS-COUNT:8a84205ca34d98f1,NS-COUNT,Whole Numbers and Base Ten Structure,kept,,,NS-BASE10,NS-BASE10,,1,exact_name,high,,,,
node_links,NS-COUNT-0021,NS-COUNT:8a84205ca34d98f1,NS-COUNT,"Measurement and Data (Time, Money)",kept,,,MD-TIME,MD-TIME,,1,group_member,medium,,,money,
node_links,NS-COUNT-0021,NS-COUNT:8a84205ca34d98f1,NS-COUNT,Likely 2 periods,noise,time_estimate,,,,,,,,,,,
node_links,NS-COUNT-0022,NS-COUNT:64037004a4655e39,NS-COUNT,Whole Numbers and Base Ten Structure,kept,,,NS-BASE10,NS-BASE10,,1,exact_name,high,,,,
node_links,NS-COUNT-0024,NS-COUNT:48a3dc83ea270b3c,NS-COUNT,Whole Numbers and Base Ten Structure,kept,,,NS-BASE10,NS-BASE10,,1,exact_name,high,,,,
node_links,NS-COUNT-0024,NS-COUNT:48a3dc83ea270b3c,NS-COUNT,Addition and Subtraction,kept,,,OE-ADD-SUB,OE-ADD-SUB,,1,exact_name,high,,,,
node_links,NS-ESTIMATE-0002,NS-ESTIMATE:3b39e574d177326f,NS-ESTIMATE,Comparing and ordering numbers,kept,,,NS-COMP-ORDER,NS-COMP-ORDER,,1,name_inside_text,medium,"NS-COMP-ORDER: Identify and use ordinal numbers. (containment 1.0, ladder_heading) | NS-COMP-ORDER: Compare numbers by using the number line place value (containment 1.0, workbook_concept)",,numbers,
node_links,NS-ESTIMATE-0003,NS-ESTIMATE:86d045ca0eb5e640,NS-ESTIMATE,Comparing and ordering numbers,kept,,,NS-COMP-ORDER,NS-COMP-ORDER,,1,name_inside_text,medium,"NS-COMP-ORDER: Identify and use ordinal numbers. (containment 1.0, ladder_heading) | NS-COMP-ORDER: Compare numbers by using the number line place value (containment 1.0, workbook_concept)",,numbers,
node_links,NS-ESTIMATE-0004,NS-ESTIMATE:78ab44af971dfa39,NS-ESTIMATE,Whole Numbers and Base Ten Structure,kept,,,NS-BASE10,NS-BASE10,,1,exact_name,high,,,,
node_links,NS-ESTIMATE-0004,NS-ESTIMATE:78ab44af971dfa39,NS-ESTIMATE,Comparing and ordering numbers,kept,,,NS-COMP-ORDER,NS-COMP-ORDER,,1,name_inside_text,medium,"NS-COMP-ORDER: Identify and use ordinal numbers. (containment 1.0, ladder_heading) | NS-COMP-ORDER: Compare numbers by using the number line place value (containment 1.0, workbook_concept)",,numbers,
node_links,NS-ESTIMATE-0004,NS-ESTIMATE:78ab44af971dfa39,NS-ESTIMATE,Rounding,kept,,,,,,0,none,none,"NS-BASE10: Round numbers by using place value. (containment 1.0, ladder_heading) | NS-BASE10: •	Round numbers to nearest place value unit (containment 1.0, workbook_concept)",,rounding,
node_links,NS-ESTIMATE-0005,NS-ESTIMATE:1b6fcab79b5f3195,NS-ESTIMATE,Whole Numbers and Base Ten Structure,kept,,,NS-BASE10,NS-BASE10,,1,exact_name,high,,,,
node_links,NS-ESTIMATE-0005,NS-ESTIMATE:1b6fcab79b5f3195,NS-ESTIMATE,Comparing and ordering numbers,kept,,,NS-COMP-ORDER,NS-COMP-ORDER,,1,name_inside_text,medium,"NS-COMP-ORDER: Identify and use ordinal numbers. (containment 1.0, ladder_heading) | NS-COMP-ORDER: Compare numbers by using the number line place value (containment 1.0, workbook_concept)",,numbers,
node_links,NS-ESTIMATE-0005,NS-ESTIMATE:1b6fcab79b5f3195,NS-ESTIMATE,Rounding,kept,,,,,,0,none,none,"NS-BASE10: Round numbers by using place value. (containment 1.0, ladder_heading) | NS-BASE10: •	Round numbers to nearest place value unit (containment 1.0, workbook_concept)",,rounding,
node_links,NS-ESTIMATE-0008,NS-ESTIMATE:ff00e6fbee476ffc,NS-ESTIMATE,Whole Numbers and Base Ten Structure,kept,,,NS-BASE10,NS-BASE10,,1,exact_name,high,,,,
node_links,NS-ESTIMATE-0008,NS-ESTIMATE:ff00e6fbee476ffc,NS-ESTIMATE,Comparing and ordering numbers,kept,,,NS-COMP-ORDER,NS-COMP-ORDER,,1,name_inside_text,medium,"NS-COMP-ORDER: Identify and use ordinal numbers. (containment 1.0, ladder_heading) | NS-COMP-ORDER: Compare numbers by using the number line place value (containment 1.0, workbook_concept)",,numbers,
node_links,NS-ESTIMATE-0008,NS-ESTIMATE:ff00e6fbee476ffc,NS-ESTIMATE,Rounding,kept,,,,,,0,none,none,"NS-BASE10: Round numbers by using place value. (containment 1.0, ladder_heading) | NS-BASE10: •	Round numbers to nearest place value unit (containment 1.0, workbook_concept)",,rounding,
node_links,NS-ESTIMATE-0008,NS-ESTIMATE:ff00e6fbee476ffc,NS-ESTIMATE,Comparing measurements,kept,,,NS-COMP-ORDER,NS-COMP-ORDER,,1,name_inside_text,low,,,measurements,
node_links,OE-ADD-SUB-0008,OE-ADD-SUB:bfeef949850dd777,OE-ADD-SUB,Whole Numbers and Base Ten Structure,kept,,,NS-BASE10,NS-BASE10,,1,exact_name,high,,,,
node_links,OE-ADD-SUB-0008,OE-ADD-SUB:bfeef949850dd777,OE-ADD-SUB,"“By fluent we mean students can recall facts without hesitation and can perform routine calculations without thought–similar to speaking a language fluently.” (Source: Fluency without Equivocation by Scott Baldridge, Ben McCarthy, and Robin Ramos)",noise,quotation,,,,,,,,,,,
node_links,OE-ADD-SUB-0008,OE-ADD-SUB:bfeef949850dd777,OE-ADD-SUB,"“Fluency is designed to promote automaticity by engaging students in practice in ways that get their adrenaline flowing. Automaticity is critical so that students avoid using up too many of their attention resources with lower-level skills when they are addressing higher-level problems. The automaticity prepares students with the computational foundation to enable deep understanding in flexible ways.” (Source: Fluency without Equivocation by Scott Baldridge, Ben McCarthy, and Robin Ramos)",noise,after_run_ended,,,,,,,,,,,
node_links,OE-ADD-SUB-0008,OE-ADD-SUB:bfeef949850dd777,OE-ADD-SUB,Three Fluency Categories (Source:The Davidson Group),noise,after_run_ended,,,,,,,,,,,
node_links,OE-ADD-SUB-0008,OE-ADD-SUB:bfeef949850dd777,OE-ADD-SUB,Fluency is not taught in a fixed number of instructional periods; it should be practiced and maintained throughout the school year.,noise,after_run_ended,,,,,,,,,,,
node_links,OE-ADD-SUB-0011,OE-ADD-SUB:932cc65506fad561,OE-ADD-SUB,Whole Numbers and Base Ten Structure,kept,,,NS-BASE10,NS-BASE10,,1,exact_name,high,,,,
node_links,OE-ADD-SUB-0011,OE-ADD-SUB:932cc65506fad561,OE-ADD-SUB,"“The Sprints are dealing with ideas that the students will need to use as stepping-stones for understanding later on but the approach is not blind memorization, but rather the achievement of automaticity through understanding numerical relationships...the Sprint provides an opportunity to practice to automaticity the numerical relationships needed to build the students’ number sense.” (Source: Fluency without Equivocation by Scott Baldridge, Ben McCarthy, and Robin Ramos)",noise,quotation,,,,,,,,,,,
node_links,OE-ADD-SUB-0011,OE-ADD-SUB:932cc65506fad561,OE-ADD-SUB,Fluency is not taught in a fixed number of instructional periods; it should be practiced and maintained throughout the school year.,noise,after_run_ended,,,,,,,,,,,
node_fields_reparse,EE-EQ-1V-0006,EE-EQ-1V:9e166c2bd7e4f2f7,EE-EQ-1V,Modeling,kept,,assoc_short_header,,,,0,none,none,"FN-QUAD: Model situations with quadratic functions (containment 1.0, workbook_concept) | FN-EXPON: Define and use exponential functions to model change (containment 1.0, workbook_concept)",,modeling,
node_fields_reparse,EE-EQ-1V-0006,EE-EQ-1V:9e166c2bd7e4f2f7,EE-EQ-1V,"This Node is just for writing the equation, not solving the equation",kept,,run_item,EE-EQ-SYS,EE-EQ-SYS,,0,concept_overlap,low,"EE-EQ-SYS: Solve real world and mathematical problems by writing and solving a system of equations in (containment 0.5, workbook_concept)",,node just writing equation not solving equation,
node_fields_reparse,EE-EXPR-GEN-0001,EE-EXPR-GEN:e55e6e410c7ab1d6,EE-EXPR-GEN,This has a lot that will overlap with K-5,kept,,prose_cue,,,,0,none,none,,,has lot will overlap k 5,
node_fields_reparse,EE-EXPR-GEN-0002,EE-EXPR-GEN:407d4fc8b755ac0d,EE-EXPR-GEN,This has a lot that will overlap with K-5,kept,,prose_cue,,,,0,none,none,,,has lot will overlap k 5,
node_fields_reparse,MD-ANGLES-0011,MD-ANGLES:fe340d453eb11bcc,MD-ANGLES,Needs to connect to classifying shapes,kept,,prose_cue,MD-ANGLES;SS-CLASSIFY,SS-CLASSIFY,,0,concept_overlap,low,"SS-CLASSIFY: Classify/Categorize shapes, identify relationships within and between categories (containment 0.5, workbook_concept) | MD-ANGLES: Classify angles (and connect to perpendicular lines and shape classification)

acute, righ (containment 0.5, workbook_concept)",,needs connect classifying shapes,
node_fields_reparse,NS-ESTIMATE-0001,NS-ESTIMATE:b6238675a580b64f,NS-ESTIMATE,Comparing numbers,kept,,run_item,NS-COMP-ORDER,NS-COMP-ORDER,,1,name_inside_text,low,"NS-COMP-ORDER: Identify and use ordinal numbers. (containment 1.0, ladder_heading) | NS-COMP-ORDER: Compare numbers by using the number line place value (containment 1.0, workbook_concept)",,numbers,
node_fields_reparse,NS-ESTIMATE-0001,NS-ESTIMATE:b6238675a580b64f,NS-ESTIMATE,Comparing measurements,kept,,run_item,NS-COMP-ORDER,NS-COMP-ORDER,,1,name_inside_text,low,,,measurements,
node_fields_reparse,NS-ESTIMATE-0006,NS-ESTIMATE:478b7fbcefa9fc8b,NS-ESTIMATE,Comparing and ordering numbers,kept,,run_item,NS-COMP-ORDER,NS-COMP-ORDER,,1,name_inside_text,medium,"NS-COMP-ORDER: Identify and use ordinal numbers. (containment 1.0, ladder_heading) | NS-COMP-ORDER: Compare numbers by using the number line place value (containment 1.0, workbook_concept)",,numbers,
node_fields_reparse,NS-ESTIMATE-0006,NS-ESTIMATE:478b7fbcefa9fc8b,NS-ESTIMATE,Comparing measurements,kept,,run_item,NS-COMP-ORDER,NS-COMP-ORDER,,1,name_inside_text,low,,,measurements,
node_fields_reparse,NS-ESTIMATE-0007,NS-ESTIMATE:649a597c1b1fd3a3,NS-ESTIMATE,Comparing and ordering numbers,kept,,run_item,NS-COMP-ORDER,NS-COMP-ORDER,,1,name_inside_text,medium,"NS-COMP-ORDER: Identify and use ordinal numbers. (containment 1.0, ladder_heading) | NS-COMP-ORDER: Compare numbers by using the number line place value (containment 1.0, workbook_concept)",,numbers,
node_fields_reparse,NS-ESTIMATE-0007,NS-ESTIMATE:649a597c1b1fd3a3,NS-ESTIMATE,Comparing measurements,kept,,run_item,NS-COMP-ORDER,NS-COMP-ORDER,,1,name_inside_text,low,,,measurements,
node_fields_reparse,NS-ESTIMATE-0009,NS-ESTIMATE:1787b11a0d76fb2e,NS-ESTIMATE,Addition,kept,,run_item,OE-ADD-SUB,OE-ADD-SUB,,1,name_prefix,low,,,,
node_fields_reparse,NS-ESTIMATE-0009,NS-ESTIMATE:1787b11a0d76fb2e,NS-ESTIMATE,Multiplication and Division,kept,,run_item,OE-MUL-DIV-FRAC;OE-MUL-DIV-WN,OE-MUL-DIV-FRAC;OE-MUL-DIV-WN,,1,exact_name,medium,,,,
node_fields_reparse,NS-ESTIMATE-0009,NS-ESTIMATE:1787b11a0d76fb2e,NS-ESTIMATE,Fractions,kept,,run_item,NS-FRAC,NS-FRAC,,1,exact_name,high,,,,
node_fields_reparse,NS-SUBITIZE-0002,NS-SUBITIZE:2c845b2db04aa0b9,NS-SUBITIZE,Counting,kept,,run_item,NS-COUNT,NS-COUNT,,1,exact_name,high,,,,
node_fields_reparse,NS-SUBITIZE-0002,NS-SUBITIZE:2c845b2db04aa0b9,NS-SUBITIZE,Whole Numbers and Base Ten Structure,kept,,run_item,NS-BASE10,NS-BASE10,,1,exact_name,high,,,,
node_fields_reparse,NS-SUBITIZE-0002,NS-SUBITIZE:2c845b2db04aa0b9,NS-SUBITIZE,Estimating,kept,,run_item,NS-ESTIMATE,NS-ESTIMATE,,1,exact_name,high,,,,
node_fields_reparse,NS-SUBITIZE-0002,NS-SUBITIZE:2c845b2db04aa0b9,NS-SUBITIZE,Multiplication,kept,,run_item,OE-MUL-DIV-FRAC;OE-MUL-DIV-WN,OE-MUL-DIV-FRAC;OE-MUL-DIV-WN,,1,name_prefix,low,,,,
node_fields_reparse,OE-ADD-SUB-0001,OE-ADD-SUB:2c443bc2ec146dfb,OE-ADD-SUB,We will see an overlap with Base Ten structure with teen numbers and conceptual subitizing.,kept,,prose_cue,NS-BASE10;NS-SUBITIZE,NS-BASE10;NS-SUBITIZE,,1,name_inside_text,medium,,,we will see overlap teen numbers conceptual,
