node_a,node_b,stem_a,stem_b,concept_skill_a,concept_skill_b,grades_a,grades_b,shares_grade,shared_grades,n_shared_lessons,shared_lessons,lessons_a,lessons_b,jaccard,lesson_basis,same_ladder
ADD-0004,COU-0013,ADD,COU,Count on to add and subtract whole numbers.,"Count on from a number other than 1, and name the number tha","K,1,2","K,1",1,"K,1",1,GK-M5-L18,1,4,0.25,includes_unstated_product,0
ADD-0004,COU-0020,ADD,COU,Count on to add and subtract whole numbers.,Count forward or backward from a given number. (Stella- DONE,"K,1,2",K,1,K,1,GK-M5-L18,1,2,0.5,includes_unstated_product,0
ADD-0005,COU-0013,ADD,COU,Count on to add and subtract whole numbers.,"Count on from a number other than 1, and name the number tha","K,1,2","K,1",1,"K,1",1,GK-M5-L18,1,4,0.25,includes_unstated_product,0
ADD-0005,COU-0020,ADD,COU,Count on to add and subtract whole numbers.,Count forward or backward from a given number. (Stella- DONE,"K,1,2",K,1,K,1,GK-M5-L18,1,2,0.5,includes_unstated_product,0
COM-0001,TIM-0002,COM,TIM,Identify and use ordinal numbers.,Describe and compare the durations of commonplace activities,"PK,K",,0,,1,GPK-M5-L21,1,7,0.143,includes_unstated_product,0
COM-0002,TIM-0002,COM,TIM,Identify and use ordinal numbers.,Describe and compare the durations of commonplace activities,"PK,K",,0,,1,GPK-M5-L21,1,7,0.143,includes_unstated_product,0
COM-0003,EST-0001,COM,EST,Compare small sets by matching.,Make thoughtful guesses about the sizes of sets and about wh,"PK,K","PK,K",1,"PK,K",1,GK-M3-L13,6,2,0.143,em2_stated,0
COM-0004,EST-0001,COM,EST,Compare groups of objects by counting.,Make thoughtful guesses about the sizes of sets and about wh,"PK,K","PK,K",1,"PK,K",1,GK-M3-L13,9,2,0.1,em2_stated,0
COM-0005,COU-0014,COM,COU,"Order and compare sets, lengths, and numerals.","Count on from a number other than 1, and name the number tha","PK,K","K,1",1,K,1,GK-M1-L29,3,5,0.143,em2_stated,0
COM-0006,COU-0014,COM,COU,"Order and compare sets, lengths, and numerals.","Count on from a number other than 1, and name the number tha","PK,K,1","K,1",1,"K,1",1,GK-M1-L30,10,5,0.071,em2_stated,0
COM-0007,COU-0014,COM,COU,"Order and compare sets, lengths, and numerals.","Count on from a number other than 1, and name the number tha","PK,K","K,1",1,K,3,GK-M1-L29;GK-M1-L30;GK-M1-L31,7,5,0.333,em2_stated,0
COM-0010,COU-0024,COM,COU,Determine how many more or how many less one group has than ,"Count forward and backward by 1s and 10s, from any number, t","K,1","K,1,2",1,"K,1",1,G2-M1-L18,5,8,0.083,includes_unstated_product,0
COM-0011,WHO-0010,COM,WHO,Compare and order multi-digit numbers by using a number line,Compare and order numbers by using place value.,1,"1,2,3,4",1,1,1,G1-M5-L7,2,3,0.25,em2_stated,0
COM-0012,WHO-0010,COM,WHO,Compare and order multi-digit numbers by using a number line,Compare and order numbers by using place value.,2,"1,2,3,4",1,2,1,G2-M1-L35,1,3,0.333,em2_stated,0
COM-0013,WHO-0010,COM,WHO,Compare and order multi-digit numbers by using a number line,Compare and order numbers by using place value.,"3,4","1,2,3,4",1,"3,4",1,G4-M1-L9,1,3,0.333,em2_stated,0
COM-0013,WHO-0011,COM,WHO,Compare and order multi-digit numbers by using a number line,Compare and order numbers by using place value.,"3,4","1,2,3,4",1,"3,4",1,G4-M1-L9,1,2,0.5,em2_stated,0
COM-0014,WHO-0012,COM,WHO,Compare and order multi-digit numbers by using a number line,Compare and order numbers by using place value.,"4,5","4,5",1,"4,5",2,G4-M5-L10;G5-M4-L6,3,2,0.667,em2_stated,0
COM-0014,WHO-0013,COM,WHO,Compare and order multi-digit numbers by using a number line,Compare and order numbers by using place value.,"4,5","4,5",1,"4,5",2,G4-M5-L11;G5-M4-L6,3,2,0.667,em2_stated,0
COM-0014,WHO-0019,COM,WHO,Compare and order multi-digit numbers by using a number line,Recognize and describe the relationships between place value,"4,5","4,5",1,"4,5",1,G5-M4-L6,3,4,0.167,em2_stated,0
COU-0013,EST-0004,COU,EST,"Count on from a number other than 1, and name the number tha",Determine the relative size and position of numbers by using,"K,1",1,1,1,1,GK-M6-L19,4,2,0.2,em2_stated,0
COU-0020,EST-0003,COU,EST,Count forward or backward from a given number. (Stella- DONE,Determine the relative size and position of numbers by using,K,"PK,K",1,K,1,GK-M6-L5,2,3,0.25,em2_stated,0
EST-0006,WHO-0001,EST,WHO,Make a thoughtful guess about the number of objects in a gro,Use place value to read and write numbers.,K,"K,1,2,3,4,5",1,K,1,GK-M6-L1,2,9,0.1,em2_stated,0
EST-0006,WHO-0002,EST,WHO,Make a thoughtful guess about the number of objects in a gro,Use place value to read and write numbers.,K,"K,1,2,3,4,5",1,K,1,GK-M6-L1,2,6,0.143,em2_stated,0
EST-0006,WHO-0008,EST,WHO,Make a thoughtful guess about the number of objects in a gro,"Represent, compose, and decompose numbers.",K,"K,1,2,3,4",1,K,1,GK-M6-L1,2,6,0.143,includes_unstated_product,0
EST-0009,MUL-0001,EST,MUL,Estimate a number of objects by decomposing and recomposing ,"Write repeated addition as multiplication, and multiply whol",2,2,1,2,1,G2-M6-L2,5,2,0.167,em2_stated,0
EST-0009,WHO-0008,EST,WHO,Estimate a number of objects by decomposing and recomposing ,"Represent, compose, and decompose numbers.",2,"K,1,2,3,4",1,2,1,G1-M3-L15,5,6,0.1,includes_unstated_product,0
FRA-0006,WHO-0005,FRA,WHO,Identify and generate equivalent fractions.,Read and write numbers in expanded form.,4,"1,2,3,4,5",1,4,1,G4-M4-L8,2,7,0.125,includes_unstated_product,0
FRA-0008,WHO-0005,FRA,WHO,Identify and generate equivalent fractions.,Read and write numbers in expanded form.,,"1,2,3,4,5",0,,1,G4-M4-L8,1,7,0.143,includes_unstated_product,0
RP_COORDINATE_SYSTEM-0006,TIM-0014,RP_COORDINATE_SYSTEM,TIM,"Construct Quadrant I of a coordinate system, plot points, an",Convert between time duration units.,5,5,1,5,2,G5-M6-L16;G5-M6-L18,13,3,0.143,em2_stated,0
TIM-0002,WHO-0008,TIM,WHO,Describe and compare the durations of commonplace activities,"Represent, compose, and decompose numbers.",,"K,1,2,3,4",0,,1,G1-M5-L2,7,6,0.083,includes_unstated_product,0
