raw_value,ruling_type,node_count,current_default_grades,proposed_ccss_default_grades,proposed_state_extension_grades,confidence,basis,notes,john_ruling
6/7?,alternative,3,"6, 7","6, 7",,guess,whole default_grades taken as core,,
6+,range_prose,7,"6, 7, 8, A1","6, 7, 8, A1",,guess,whole default_grades taken as core,,
Pre-K / Kindergarten,range_prose,4,"PK, K","PK, K",,guess,whole default_grades taken as core,,
Properties introduced in earlier grades and continue throughout 6+,range_prose,4,"6, 7, 8, A1","6, 7, 8, A1",,guess,whole default_grades taken as core,,
Any time after these skills are introduced: Integer operations Distance between two points with the same x- or y-coordinate,range_prose,2,"6, 7, 8, A1","6, 7, 8, A1",,guess,whole default_grades taken as core,,
"Begins in lower grades, continues 6/7",range_prose,2,"6, 7","6, 7",,guess,whole default_grades taken as core,,
**Range** – PK - Within 10 GK – Within 19** ** G1+ – Application,range_prose,1,"PK, K","PK, K",,guess,whole default_grades taken as core,,
"Base 10 in lower grades, continues 6/7",range_prose,1,"6, 7","6, 7",,guess,whole default_grades taken as core,,
"GK Size of groups (small, medium, large)",range_prose,1,K,K,,guess,whole default_grades taken as core,,
Grade 1 (introduced at K as extension; formalized at G1),range_prose,1,"K, 1","K, 1",,guess,whole default_grades taken as core,,
Grade 2 Simple examples can come before Grade 2 (similar to first node),range_prose,1,2,2,,guess,whole default_grades taken as core,,
"PK,K, 1 (foundational) 2 (formally introduced durations)",range_prose,1,"PK, K, 1, 2","PK, K, 1, 2",,guess,whole default_grades taken as core,,
PK/K,range_prose,1,"PK, K","PK, K",,guess,whole default_grades taken as core,,
4 (3 for some states),state_conditional,3,"3, 4",4,"{""some states"": ""3""}",parsed,notes: 3 for some states,3 for some states,
"A1, some states G8",state_conditional,3,"8, A1",A1,"{""some states"": ""8""}",parsed,notes: some states G8,some states G8,
3 (4 for some states),state_conditional,2,"3, 4",3,"{""some states"": ""4""}",parsed,notes: 4 for some states,4 for some states,
4 (5 for OK),state_conditional,2,"4, 5",4,"{""OK"": ""5""}",parsed,notes: 5 for OK,5 for OK,
4 (5 for SC),state_conditional,2,"4, 5",4,"{""SC"": ""5""}",parsed,notes: 5 for SC,5 for SC,
"4, 5 for some states",state_conditional,2,"4, 5",4,"{""some states"": ""5""}",parsed,notes: 5 for some states,5 for some states,
"2, 3, 4, 5 (G1 for FL)",state_conditional,1,"1, 2, 3, 4, 5","2, 3, 4, 5","{""FL"": ""1""}",parsed,notes: 1 for FL,1 for FL,
2-5 (G1 for FL and AR),state_conditional,1,"1, 2, 3, 4, 5","2, 3, 4, 5","{""FL"": ""1"", ""AR"": ""1""}",parsed,"notes: Starts at 1 for FL, AR","Starts at 1 for FL, AR",
3 (2 for some states),state_conditional,1,"2, 3",3,"{""some states"": ""2""}",parsed,notes: 2 for some states,2 for some states,
"3 (2, 4 for some states)",state_conditional,1,"2, 3, 4",3,"{""some states"": ""2, 4""}",parsed,"notes: 2, 4 for some states","2, 4 for some states",
3 (4 for SC),state_conditional,1,"3, 4",3,"{""SC"": ""4""}",parsed,notes: 4 for SC,4 for SC,
4 (3 for FL and SC),state_conditional,1,"3, 4",4,"{""FL"": ""3"", ""SC"": ""3""}",parsed,"notes: 3 for FL, SC","3 for FL, SC",
4 (TX G3),state_conditional,1,"3, 4",4,"{""TX"": ""3""}",parsed,notes: 3 for TX,3 for TX,
"4, 5 (5 only for OK)",state_conditional,1,"4, 5",4,"{""OK"": ""5""}",parsed,notes: 5 only for OK,5 only for OK,
"4, 5 (G3 for TX and AR)",state_conditional,1,"3, 4, 5","4, 5","{""TX"": ""3"", ""AR"": ""3""}",parsed,"notes: 3 for TX, AR","3 for TX, AR",
"6 (5 for FL, TX, OK)",state_conditional,1,"5, 6",6,"{""FL"": ""5"", ""TX"": ""5"", ""OK"": ""5""}",parsed,"notes: 5 for FL, TX, OK","5 for FL, TX, OK",
9,unparsed,3,A1,A1,,guess,whole default_grades taken as core,,
