node_id,source_key,stem_id,concept_skill,node_grades,parsed_rows (grade|low|high|qualifier|unit),has_usable,raw_snippet
ADD-0001,ADD:2c443bc2ec146dfb,ADD,Compose and decompose whole numbers.,"PK,K",PK|4|5|range|period; K|4|5|range|period,1,Instructional Periods: | PK/GK: Likely 4-5 instructional periods
ADD-0002,ADD:f5aaa6e40ed8ac70,ADD,Count all in addition and subtraction situations with whole numbers.,"PK,K,1",-|2|2|exact|period,1,Likely 2 instructional periods
ADD-0003,ADD:83618526d7d26255,ADD,Count all in addition and subtraction situations with whole numbers.,"PK,K,1",-|2|2|exact|period,1,Likely 2 instructional periods
ADD-0004,ADD:f7cf941d36185387,ADD,Count on to add and subtract whole numbers.,"K,1,2",-|2|2|exact|period,1,Likely 2 instructional periods
ADD-0005,ADD:8ec9f3e803399066,ADD,Count on to add and subtract whole numbers.,"K,1,2",-|2|2|exact|period,1,Likely 2 instructional periods
ADD-0006,ADD:e37c9cfbe10a4bf2,ADD,Add and Subtract whole numbers by applying properties of operations and place value strategies.,"1,2",1|10|10|exact|period; 2|10|10|exact|period,1,Instructional Periods | G1 – likely 10 instructional periods | G2 – likely 10 instructional periods
ADD-0007,ADD:532ca6f7d865340e,ADD,Add and Subtract whole numbers by applying properties of operations and place value strategies.,"1,2",1|10|10|exact|period; 2|10|10|exact|period,1,Instructional Periods | G1 – likely 10 instructional periods | G2 – likely 10 instructional periods
ADD-0008,ADD:bfeef949850dd777,ADD,Fluently add and subtract within 18,K,-|||not_fixed|period,0,Fluency is not taught in a fixed number of instructional periods; it should be practiced and maintained throughout the school year.
ADD-0009,ADD:231f407f28809ee8,ADD,Fluently add and subtract within 18,1,-|||not_fixed|period,0,Fluency is not taught in a fixed number of instructional periods; it should be practiced and maintained throughout the school year.
ADD-0010,ADD:73aa5275a5352655,ADD,Fluently add and subtract within 18,2,-|||not_fixed|period,0,Fluency is not taught in a fixed number of instructional periods; it should be practiced and maintained throughout the school year.
ADD-0011,ADD:932cc65506fad561,ADD,Fluently add and subtract within 18,K,-|||not_fixed|period,0,Fluency is not taught in a fixed number of instructional periods; it should be practiced and maintained throughout the school year.
ADD-0012,ADD:fa6907613cf9bf09,ADD,Fluently add and subtract within 18,1,-|||not_fixed|period,0,Fluency is not taught in a fixed number of instructional periods; it should be practiced and maintained throughout the school year.
ADD-0013,ADD:4b696e3cc370ce9f,ADD,Fluently add and subtract within 18,2,-|||not_fixed|period,0,Fluency is not taught in a fixed number of instructional periods; it should be practiced and maintained throughout the school year.
ADD-0014,ADD:46ee7f7054366733,ADD,Add and subtract multi-digit whole numbers by using the standard algorithm,2,-|2|2|exact|period,1,Likely 2 instructional periods
ADD-0015,ADD:f5ccbcf15cdd3493,ADD,Add and subtract multi-digit whole numbers by using the standard algorithm,"3,4",3|2|3|range|period; 4|1|1|exact|period,1,"G3: Likely 2 or 3 instructional periods, depending on how estimating sums is addressed // G4: Likely 1 instructional period (consider a combo add & subtract lesson—new learning is more places, not new methods)"
ADD-0016,ADD:f269c6f60257967a,ADD,Add and subtract multi-digit whole numbers by using the standard algorithm,2,-|3|3|exact|period,1,Likely 3 instructional periods
ADD-0017,ADD:2aedd20708464958,ADD,Add and subtract multi-digit whole numbers by using the standard algorithm,"3,4",3|2|3|range|period; 4|1|1|exact|period,1,"G3: Likely 2 or 3 instructional periods, depending on how estimating differences is addressed // G4: Likely 1 instructional period (consider a combo add & subtract lesson—new learning is more places, not new methods)"
ADD-0018,ADD:6febd2bc6f9ea382,ADD,Add and subtract fractions.,4,-|1|1|exact|period,1,Likely 1 instructional period
ADD-0019,ADD:1846e7801298e962,ADD,Add and subtract fractions.,4,-|2|2|exact|period,1,Likely 2 instructional periods
ADD-0020,ADD:f5379873b9bd4d83,ADD,Add and subtract fractions.,4,-|3|3|exact|period,1,Likely 3 instructional periods (fraction + fraction; fraction + mixed number; mixed + mixed)
ADD-0021,ADD:6ff6a528ddf92a04,ADD,Add and subtract fractions.,"4,5",4|1|1|exact|period; 5|3|3|exact|period,1,G4: Likely 1 instructional period (tenths + hundredths) // G5: Likely 3 instructional periods (fractions number line—do addition and subtraction together; fractions numerically; mixed numbers)
ADD-0022,ADD:ceb2365c1c2323c1,ADD,Add and subtract fractions.,4,-|3|3|exact|period,1,Likely 3 instructional periods (fraction – fraction; whole – fraction; fraction - mixed)
ADD-0023,ADD:00b9576b832d8b27,ADD,Add and subtract fractions.,5,-|2|2|exact|period,1,Likely 2 instructional periods (fractions numerically; mixed numbers)
ADD-0024,ADD:f5b81ec7387b17fe,ADD,Add and subtract decimals.,5,-|1|1|exact|period,1,Likely 1 instructional period
ADD-0025,ADD:97d4b9239c2d0954,ADD,Add and subtract decimals.,"5,6",5|1|1|exact|period; 6||1|part_of|period,1,Likely 1 instructional period in G5 // Likely part of an instructional period in G6 (shared with subtraction)
ADD-0026,ADD:5c1ea313c865055d,ADD,Add and subtract decimals.,5,-|1|1|exact|period,1,Likely 1 instructional period
ADD-0027,ADD:14e4fc8ebcfdcb63,ADD,Add and subtract decimals.,"5,6",5|1|1|exact|period; 6||1|part_of|period,1,Likely 1 instructional period in G5 // Likely part of an instructional period in G6 (shared with subtraction)
ANG-0001,ANG:f32a9d04e988aa6b,ANG,Make and describe turns),"PK,K",-|1|2|range|period,1,"Instructional Period | 1-2 with ongoing practice in everyday contexts, while navigating school spaces, and through play"
ANG-0002,ANG:21d156ad8783a1a2,ANG,Compare corners and identify square corners,1,-|1|2|range|period,1,Instructional Period | 1-2
ANG-0003,ANG:ed3ea4006096f1d6,ANG,Compare corners and identify square corners,1,-|1|1|exact|period,1,Instructional Period | 1
ANG-0004,ANG:a685f9d1872e4d29,ANG,"Identify, draw, and name angles, points, lines, line segments, and rays.","3,4",-|1|1|exact|period,1,Likely 1 instructional period
ANG-0005,ANG:7f343e84fa8e55d2,ANG,"Identify, draw, and name angles, points, lines, line segments, and rays.",4,-|1|1|exact|period,1,Likely 1 instructional period
ANG-0006,ANG:10b576210b4b61bf,ANG,Relate an angle to a fraction of a complete turn through a circle and write an angle measure using degrees,4,-|1|1|exact|period,1,Likely 1 instructional period
ANG-0007,ANG:d854e7512f3cd899,ANG,Relate an angle to a fraction of a complete turn through a circle and write an angle measure using degrees,4,-|1|1|exact|period,1,"Likely 1 instructional period, will also be reinforced in instruction for measuring turns by iterating degrees Concept/Skill lessons"
ANG-0008,ANG:2e935e1d1a254a7b,ANG,Measure and draw angles by using a protractor,"4,5",-|2|2|exact|period,1,Likely 2 instructional periods
ANG-0009,ANG:d58769eb7dc60af6,ANG,Measure and draw angles by using a protractor,"4,5",-|1|1|exact|period,1,Likely 1 instructional period
ANG-0010,ANG:70323038a2e3ea86,ANG,"Classify angles, and draw angles made of perpendicular lines","3,4",-|1|1|exact|period; -|||embedded|period,1,Likely 1 instructional period // Embedded in other instructional periods
ANG-0011,ANG:fe340d453eb11bcc,ANG,"Classify angles, and draw angles made of perpendicular lines","3,4",-|1|1|exact|period,1,Likely 1 instructional period
ANG-0012,ANG:9a5c468cf3cf4f38,ANG,Compose and decompose angles to find unknown angle measures.,4,-|2|2|exact|period,1,Likely 2 instructional periods
COM-0001,COM:df4004fa423035ff,COM,Identify and use ordinal numbers.,"PK,K",-||1|part_of|period,1,"Part of 1 instructional period, woven into other activities"
COM-0002,COM:7cf9365695b5f315,COM,Identify and use ordinal numbers.,"PK,K",-|1|1|exact|period,1,Likely 1 instructional period
COM-0003,COM:6c8726a52857a6d2,COM,Compare small sets by matching.,"PK,K",-|2|2|exact|period,1,Likely 2 instructional periods
COM-0004,COM:a8bd8d52c1daf0ad,COM,Compare groups of objects by counting.,"PK,K",-|1|1|exact|period,1,Possibly 1 instructional period
COM-0005,COM:ea87f023a1abc1d5,COM,"Order and compare sets, lengths, and numerals.","PK,K",-|1|1|exact|period,1,Likely 1 instructional period
COM-0006,COM:eb7ff9f2e014de2f,COM,"Order and compare sets, lengths, and numerals.","PK,K,1",-|1|1|exact|period,1,Likely 1 instructional period
COM-0007,COM:3eb4050cd5cf4530,COM,"Order and compare sets, lengths, and numerals.","PK,K",-|1|1|exact|period,1,Likely 1 instructional period
COM-0008,COM:03eff9b3fa1ec3aa,COM,"Order and compare sets, lengths, and numerals.","PK,K",-|2|2|exact|period,1,Likely 2 instructional periods
COM-0009,COM:fd33c1c6e7cba4fb,COM,Compare numbers within 10 by using their positions on the number path or number line.,K,-|2|2|exact|period,1,Likely 2 instructional periods
COM-0010,COM:87e4c99e187e6d0d,COM,Determine how many more or how many less one group has than another.,"K,1",-|1|2|range|period,1,Likely 1-2 instructional periods per grade level
COM-0011,COM:8367f2788953e5d3,COM,Compare and order multi-digit numbers by using a number line.,1,-|1|1|exact|period,1,Instructional Period: | Likely 1 instructional period
COM-0012,COM:58ec03661c5f2d1b,COM,Compare and order multi-digit numbers by using a number line.,2,-|1|1|exact|period,1,Instructional Period: | Likely 1 instructional period
COM-0013,COM:86f92edc405ced41,COM,Compare and order multi-digit numbers by using a number line.,"3,4",-|1|1|exact|period,1,Likely 1 instructional period per grade level
COM-0014,COM:cee496f99c03b21c,COM,Compare and order multi-digit numbers by using a number line.,"4,5",-|1|1|exact|period,1,Likely 1 instructional period per grade level
COU-0001,COU:0917cb26ae32f1aa,COU,Say the numbers to 10 in the appropriate count sequence. (Megan-DONE),"PK,K",PK|1|1|exact|period; K|1|1|exact|period,1,Instructional Period | PK: 1 | GK: 1
COU-0002,COU:77dc7c2a4306b859,COU,"Use cardinality and one-to-one correspondence to count groups of up to 10 objects, and represent the number of objects with a numeral. (Megan-DONE)","PK,K",PK|3|3|exact|period; K|3|3|exact|period; PK|3|3|exact|period; K|3|3|exact|period,1,Instructional Period-Up to 5 Objects | PK: 3 | GK: 3 // Instructional Period-Up to 10 Objects | PK: 3 | GK: 3
COU-0003,COU:f6c0498466ae270b,COU,"Use cardinality and one-to-one correspondence to count groups of up to 10 objects, and represent the number of objects with a numeral. (Megan-DONE)","PK,K",PK|||embedded|period; K|||embedded|period,0,Instructional Periods | PK: Likely part of other instructional periods (one-to-one correspondence) | GK: Likely part of other instructional periods (one-to-one correspondence)
COU-0004,COU:9d293fb9e2208064,COU,"Use cardinality and one-to-one correspondence to count groups of up to 10 objects, and represent the number of objects with a numeral. (Megan-DONE)","PK,K",PK|2|2|exact|period; K|2|2|exact|period; K|2|3|range|period,1,Instructional Period-Up to 5 | PK: 2 | GK: 2 // Instructional Period-Up to 10 | GK: 2-3
COU-0005,COU:1776de471aac4b52,COU,"Use cardinality and one-to-one correspondence to count groups of up to 10 objects, and represent the number of objects with a numeral. (Megan-DONE)","PK,K",PK|1|1|exact|period; K|1|1|exact|period,1,Instructional Period | PK: 1 | GK: 1
COU-0006,COU:1b10b9bd7d88c11e,COU,Count out a group of up to 10 objects. (Megan-DONE),"PK,K",PK|1|1|exact|period; K|1|1|exact|period; PK|1|1|exact|period; K|1|1|exact|period,1,Instructional Period-Up to 5 objects | PK: 1 | GK: 1 // Instructional Period-Up to 10 objects | PK: 1 | GK: 1
COU-0007,COU:65c4616433af5344,COU,Count and count out groups of more than 10 objects. (Megan-DONE),K,-|2|3|range|period,1,Instructional Period | 2-3
COU-0008,COU:3ded16ecbe5a6077,COU,Count and count out groups of more than 10 objects. (Megan-DONE),K,-|2|2|exact|period,1,Instructional Period | 2
COU-0009,COU:3511be155853d07f,COU,Count and count out groups of more than 10 objects. (Megan-DONE),K,-|1|1|exact|period,1,Instructional Period | 1
COU-0010,COU:454783b1f3b8554b,COU,Count and count out groups of more than 10 objects. (Megan-DONE),1,-|1|1|exact|period,1,Instructional Period | 1 or this might also live in Practice/Fluency
COU-0011,COU:64aadc1fe4cda757,COU,Count and count out groups of more than 10 objects. (Megan-DONE),1,-|||embedded|period,0,Instructional Period | Likely part of other instructional period (previous node)
COU-0012,COU:12274dea31cbbfc7,COU,Count and count out groups of more than 10 objects. (Megan-DONE),1,-|1|1|exact|period,1,Instructional Period | 1 or this might also live in Practice/Fluency
COU-0013,COU:79f0447fb64554f3,COU,"Count on from a number other than 1, and name the number that is 1 more or 1 less than a given number. (Megan-DONE)","K,1",K|1|2|range|period; 1|1|2|range|period,1,Instructional Period | GK: 1-2 | G1: 1-2
COU-0014,COU:40305d48c35e618e,COU,"Count on from a number other than 1, and name the number that is 1 more or 1 less than a given number. (Megan-DONE)","K,1",K|1|2|range|period; 1|1|1|exact|period,1,Instructional Period | GK: 1-2 | G1: 1 or this might be a part of other instructional periods (comparing and ordering)
COU-0015,COU:4f10b48b8bbc40ec,COU,Skip-count by tens. (Megan-DONE),"K,1,2",K|1|1|exact|period; 1|1|1|exact|period; 2|1|1|exact|period,1,Instructional Period | GK: 1 | G1: 1 | G2: 1
COU-0016,COU:8ff418e688096bf3,COU,Count to 100 by ones. (Megan-DONE),K,-|1|2|range|period,1,Instructional Period | 1-2 with lots of Fluency/Practice added in
COU-0017,COU:210a48f6a5e62afa,COU,"Count on from a given number by using spatial, auditory, or rhythmic patterns to keep track of how many have been counted. (Stella – DONE)","K,1",K|1|1|exact|period; 1|1|1|exact|period,1,Instructional period: | GK- Likely 1 period | G1- Likely 1 period
COU-0018,COU:716292cf4a683c70,COU,Skip-count by twos and fives. (Stella- DONE),2,-|2|2|exact|period,1,Instructional periods: | Likely 2 periods with lots of Fluency activities added in
COU-0019,COU:8de2091818c408fa,COU,Skip-count by twos and fives. (Stella- DONE),2,-|2|2|exact|period,1,Instructional periods: | Likely 2 periods with lots of Fluency activities added in
COU-0020,COU:43468359bcb0f440,COU,Count forward or backward from a given number. (Stella- DONE),K,-|2|2|exact|period,1,Instructional periods: | Likely 2 periods
COU-0021,COU:8a84205ca34d98f1,COU,"Count by different units, such as tens and ones, by switching units within the same count. (Stella – DONE)",1,-|2|2|exact|period,1,Instructional periods: | Likely 2 periods
COU-0022,COU:64037004a4655e39,COU,"Count beyond 100 by applying patterns of ones, tens, and hundreds. (Megan—DONE)","1,2",1|1|2|range|period; 2|3|3|exact|period,1,Instructional Period | G1: 1-2 with plenty of Fluency/Practice added in | G2: 3 with plenty of Fluency/Practice added in
COU-0023,COU:ba6b0703c27cb30d,COU,Understand that the number of objects in a group is not affected by how the objects are arranged or the order they are counted in. (Megan-DONE),K,-|2|2|exact|period,1,"Instructional Period | 2 (1 for arrangement, 1 for order)"
COU-0024,COU:48a3dc83ea270b3c,COU,"Count forward and backward by 1s and 10s, from any number, to solve problems. (Katie)","K,1,2",1|2|2|exact|period; 2|2|2|exact|period,1,G1: Likely 2 instructional periods // G2: Likely 2 instructional periods
EE_GENERAL_EXPRESSIONS-0001,EE_GENERAL_EXPRESSIONS:e55e6e410c7ab1d6,EE_GENERAL_EXPRESSIONS,Evaluate and rewrite numerical expressions with grouping symbols and whole number exponents.,"6,7",-|||multiple|period,0,Multiple instructional periods (potentially combined with other nodes) across grades
EE_GENERAL_EXPRESSIONS-0002,EE_GENERAL_EXPRESSIONS:407d4fc8b755ac0d,EE_GENERAL_EXPRESSIONS,Evaluate and rewrite numerical expressions with grouping symbols and whole number exponents.,"6,7",-|||multiple|period,0,Multiple instructional periods (potentially combined with other nodes) across grades
EE_GENERAL_EXPRESSIONS-0003,EE_GENERAL_EXPRESSIONS:965bd42091b33383,EE_GENERAL_EXPRESSIONS,Evaluate and rewrite numerical expressions with grouping symbols and whole number exponents.,"6,7",-|1|2|range|period,1,Likely 1-2 instructional periods (potentially combined with other nodes)
EE_GENERAL_EXPRESSIONS-0004,EE_GENERAL_EXPRESSIONS:fb37d947334f76d1,EE_GENERAL_EXPRESSIONS,Evaluate and rewrite numerical expressions with grouping symbols and whole number exponents.,"6,7",-|1|2|range|period,1,Likely 1-2 instructional periods (potentially combined with other nodes)
EE_GENERAL_EXPRESSIONS-0005,EE_GENERAL_EXPRESSIONS:7aba6aebad247b05,EE_GENERAL_EXPRESSIONS,Evaluate and rewrite numerical expressions with grouping symbols and whole number exponents.,"6,7",-|1|2|range|period,1,Likely 1-2 instructional periods (potentially combined with other nodes)
EE_GENERAL_EXPRESSIONS-0008,EE_GENERAL_EXPRESSIONS:f6ac5664668240cd,EE_GENERAL_EXPRESSIONS,"Determine the divisibility, factors, multiples, and prime factorization of whole numbers, and use a common factor to rewrite a sum as a product.",6,-|1|1|exact|period,1,Likely 1 instructional period
EE_GENERAL_EXPRESSIONS-0009,EE_GENERAL_EXPRESSIONS:648c1f79daa4e16a,EE_GENERAL_EXPRESSIONS,"Determine the divisibility, factors, multiples, and prime factorization of whole numbers, and use a common factor to rewrite a sum as a product.",6,-|1|1|exact|period,1,Likely 1 instructional period
EE_GENERAL_EXPRESSIONS-0010,EE_GENERAL_EXPRESSIONS:21d927b6bf5e532e,EE_GENERAL_EXPRESSIONS,"Determine the divisibility, factors, multiples, and prime factorization of whole numbers, and use a common factor to rewrite a sum as a product.",6,-|1|1|exact|period,1,Likely 1 instructional period
EE_GENERAL_EXPRESSIONS-0011,EE_GENERAL_EXPRESSIONS:442361dc45bab03e,EE_GENERAL_EXPRESSIONS,"Determine the divisibility, factors, multiples, and prime factorization of whole numbers, and use a common factor to rewrite a sum as a product.","6,7,8,A1",-|1||range|period,1,Likely 1 or more instructional periods
EE_GENERAL_EXPRESSIONS-0012,EE_GENERAL_EXPRESSIONS:42b6fff2ccea441b,EE_GENERAL_EXPRESSIONS,"Determine the divisibility, factors, multiples, and prime factorization of whole numbers, and use a common factor to rewrite a sum as a product.",,-|1||range|period,1,Likely 1 or more instructional periods
EE_GENERAL_EXPRESSIONS-0013,EE_GENERAL_EXPRESSIONS:098816d2fc4eff2f,EE_GENERAL_EXPRESSIONS,Use terminology related to expressions precisely.,6,-|||unparsed|-,0,See consideration about this being weaved in throughout. Some terms may be defined in the same instructional period while others will be defined/revisited throughout 6+
EE_GENERAL_EXPRESSIONS-0014,EE_GENERAL_EXPRESSIONS:065c0555726a3776,EE_GENERAL_EXPRESSIONS,Use terminology related to expressions precisely.,6,-|1||range|period,1,Likely 1+ instructional periods possibly combined with following nodes
EE_GENERAL_EXPRESSIONS-0015,EE_GENERAL_EXPRESSIONS:4e9999f099184e0c,EE_GENERAL_EXPRESSIONS,Use terminology related to expressions precisely.,6,-|1||range|period,1,Likely 1+ instructional periods possibly combined with previous node
EE_GENERAL_EXPRESSIONS-0016,EE_GENERAL_EXPRESSIONS:b502f6653c0e59ca,EE_GENERAL_EXPRESSIONS,Use terminology related to expressions precisely.,6,-|1||range|period,1,Likely 1+ instructional periods when introducing (possibly combined with previous nodes) but continues throughout 6+
EE_GENERAL_EXPRESSIONS-0017,EE_GENERAL_EXPRESSIONS:dc80ae934162b66a,EE_GENERAL_EXPRESSIONS,Identify and generate equivalent expressions and use properties to justify the equivalence.,"6,7,8,A1",-|1||range|period,1,Likely 1 or more instructional periods possibly combined with other nodes
EE_GENERAL_EXPRESSIONS-0018,EE_GENERAL_EXPRESSIONS:619d03491ced02ba,EE_GENERAL_EXPRESSIONS,Identify and generate equivalent expressions and use properties to justify the equivalence.,"6,7,8,A1",-|2||range|period,1,Likely 2 or more instructional periods when combined with the next node but continues throughout 6+
EE_GENERAL_EXPRESSIONS-0019,EE_GENERAL_EXPRESSIONS:8738d3b73749da69,EE_GENERAL_EXPRESSIONS,Identify and generate equivalent expressions and use properties to justify the equivalence.,"6,7,8,A1",6|2||range|period,1,Likely 2 or more instructional periods combined with justify node introducing in G6
EE_GENERAL_EXPRESSIONS-0020,EE_GENERAL_EXPRESSIONS:9cb471eeef53ba7f,EE_GENERAL_EXPRESSIONS,Identify and generate equivalent expressions and use properties to justify the equivalence.,"6,7",-|1|2|range|period,1,Likely 1-2 instructional periods per grade
EE_GENERAL_EXPRESSIONS-0021,EE_GENERAL_EXPRESSIONS:8b5617092f01f585,EE_GENERAL_EXPRESSIONS,Identify and generate equivalent expressions and use properties to justify the equivalence.,"6,7",-|1|2|range|period,1,Likely 1-2 instructional periods per grade
EE_GENERAL_EXPRESSIONS-0022,EE_GENERAL_EXPRESSIONS:0c35b3b05c443393,EE_GENERAL_EXPRESSIONS,Identify and generate equivalent expressions and use properties to justify the equivalence.,"6,7",-|1|2|range|period,1,Likely 1-2 instructional periods per grade
EE_GENERAL_EXPRESSIONS-0023,EE_GENERAL_EXPRESSIONS:e76e7ca8e799e1f2,EE_GENERAL_EXPRESSIONS,Identify and generate equivalent expressions and use properties to justify the equivalence.,"6,7",-|||unparsed|-,0,Could possibly be combined with previous node in latter portion of a second instructional period per grade
EE_GENERAL_EXPRESSIONS-0025,EE_GENERAL_EXPRESSIONS:550271f0ca4561af,EE_GENERAL_EXPRESSIONS,Identify and generate equivalent expressions and use properties to justify the equivalence.,A1,-|1|2|range|period,1,Likely 1-2 instructional periods and continues throughout
EE_GENERAL_EXPRESSIONS-0026,EE_GENERAL_EXPRESSIONS:df62089b63dc2188,EE_GENERAL_EXPRESSIONS,Evaluate an expression by substituting given numbers for the variables.,"6,7,8,A1",-|||multiple|period,0,Multiple instructional periods throughout 6+
EE_GENERAL_EXPRESSIONS-0027,EE_GENERAL_EXPRESSIONS:dc295be80a043d30,EE_GENERAL_EXPRESSIONS,Evaluate an expression by substituting given numbers for the variables.,"6,7,8,A1",-|||multiple|period,0,Multiple instructional periods throughout 6+
EE_GENERAL_EXPRESSIONS-0028,EE_GENERAL_EXPRESSIONS:393f146578f3e6cc,EE_GENERAL_EXPRESSIONS,Evaluate an expression by substituting given numbers for the variables.,"6,7,8,A1",-|||multiple|period,0,Multiple instructional periods throughout 6+
EE_GENERAL_EXPRESSIONS-0029,EE_GENERAL_EXPRESSIONS:402d92c5dbeedc9f,EE_GENERAL_EXPRESSIONS,Evaluate an expression by substituting given numbers for the variables.,"6,7,8,A1",-|||multiple|period,0,Multiple instructional periods throughout 6+
EE_ONE_VARIABLE_EQUATIONS_DEG_1-0002,EE_ONE_VARIABLE_EQUATIONS_DEG_1:4fc83f2e135aa1d9,EE_ONE_VARIABLE_EQUATIONS_DEG_1,Read and write equations in one variable and verify possible solutions.,,-|1|1|exact|day,1,1 day
EE_ONE_VARIABLE_EQUATIONS_DEG_1-0003,EE_ONE_VARIABLE_EQUATIONS_DEG_1:5a6be775e7df4068,EE_ONE_VARIABLE_EQUATIONS_DEG_1,Read and write equations in one variable and verify possible solutions.,"5,6,7",-|1|1|exact|day,1,1 day
EE_ONE_VARIABLE_EQUATIONS_DEG_1-0004,EE_ONE_VARIABLE_EQUATIONS_DEG_1:5f85660aa8f305f1,EE_ONE_VARIABLE_EQUATIONS_DEG_1,Read and write equations in one variable and verify possible solutions.,"5,6,7",-|1|1|exact|day,1,1 day
EE_ONE_VARIABLE_EQUATIONS_DEG_1-0005,EE_ONE_VARIABLE_EQUATIONS_DEG_1:723223948b81c46e,EE_ONE_VARIABLE_EQUATIONS_DEG_1,Read and write equations in one variable and verify possible solutions.,6,-|1|1|exact|day,1,1 day (combine with other content)
EE_ONE_VARIABLE_EQUATIONS_DEG_1-0006,EE_ONE_VARIABLE_EQUATIONS_DEG_1:9e166c2bd7e4f2f7,EE_ONE_VARIABLE_EQUATIONS_DEG_1,"Write a linear equation in one variable to represent a situation, and interpret the equation's solution in context","5,6,7,8,A1",-|1|1|exact|day,1,1 day
EE_ONE_VARIABLE_EQUATIONS_DEG_1-0007,EE_ONE_VARIABLE_EQUATIONS_DEG_1:fa5cdd1495d5e8c8,EE_ONE_VARIABLE_EQUATIONS_DEG_1,"Write a linear equation in one variable to represent a situation, and interpret the equation's solution in context","7,A1",-|1|1|exact|day,1,1 day (combine with previous and/or following node)
EE_ONE_VARIABLE_EQUATIONS_DEG_1-0008,EE_ONE_VARIABLE_EQUATIONS_DEG_1:61c4f73ac07ff74c,EE_ONE_VARIABLE_EQUATIONS_DEG_1,"Write a linear equation in one variable to represent a situation, and interpret the equation's solution in context","6,7,A1",-|1|1|exact|day,1,1 day (could combine with another node)
EE_ONE_VARIABLE_EQUATIONS_DEG_1-0009,EE_ONE_VARIABLE_EQUATIONS_DEG_1:1c6c0ec825f4269c,EE_ONE_VARIABLE_EQUATIONS_DEG_1,"Write a linear equation in one variable to represent a situation, and interpret the equation's solution in context","5,6,7,8",-|1|1|exact|day,1,1 day (could combine with another node)
EE_ONE_VARIABLE_EQUATIONS_DEG_1-0010,EE_ONE_VARIABLE_EQUATIONS_DEG_1:1d29b18f4d8e20e7,EE_ONE_VARIABLE_EQUATIONS_DEG_1,Use properties of equality to produce equivalent equations.,"6,7,8,A1",-|2|2|exact|day,1,2 days total for first time – 1 day is needed for later grades
EE_ONE_VARIABLE_EQUATIONS_DEG_1-0011,EE_ONE_VARIABLE_EQUATIONS_DEG_1:f3580c5e075eb127,EE_ONE_VARIABLE_EQUATIONS_DEG_1,Use properties of equality to produce equivalent equations.,,-|1|1|exact|day,1,1 day or Include within the same lesson as the previous node about using the properties.
EE_ONE_VARIABLE_EQUATIONS_DEG_1-0012,EE_ONE_VARIABLE_EQUATIONS_DEG_1:942aae7e880fc69f,EE_ONE_VARIABLE_EQUATIONS_DEG_1,Solve single variable linear equations of the form ax=d.,6,-|1|1|exact|day,1,1 day
EE_ONE_VARIABLE_EQUATIONS_DEG_1-0013,EE_ONE_VARIABLE_EQUATIONS_DEG_1:9da08eaeccc38c22,EE_ONE_VARIABLE_EQUATIONS_DEG_1,Solve single variable linear equations of the form ax=d.,"6,7",-|2|2|exact|day,1,2 day
EE_ONE_VARIABLE_EQUATIONS_DEG_1-0014,EE_ONE_VARIABLE_EQUATIONS_DEG_1:5fdb0ce6d685add4,EE_ONE_VARIABLE_EQUATIONS_DEG_1,Solve single variable linear equations of the form ax=d.,7,-|1|1|exact|day,1,1 day
EE_ONE_VARIABLE_EQUATIONS_DEG_1-0015,EE_ONE_VARIABLE_EQUATIONS_DEG_1:c04f768899365867,EE_ONE_VARIABLE_EQUATIONS_DEG_1,Solve single variable linear equations of the form x+b=d,6,-|1|1|exact|day,1,1 day
EE_ONE_VARIABLE_EQUATIONS_DEG_1-0016,EE_ONE_VARIABLE_EQUATIONS_DEG_1:67ff4e26c4d4ebc6,EE_ONE_VARIABLE_EQUATIONS_DEG_1,Solve single variable linear equations of the form x+b=d,"6,7,8",-|1|1|exact|day,1,1 day
EE_ONE_VARIABLE_EQUATIONS_DEG_1-0017,EE_ONE_VARIABLE_EQUATIONS_DEG_1:4b6f56b718116e81,EE_ONE_VARIABLE_EQUATIONS_DEG_1,Solve linear equations of the form ax+b=cx+d,"7,8",-|1|1|exact|day,1,1 day
EE_ONE_VARIABLE_EQUATIONS_DEG_1-0018,EE_ONE_VARIABLE_EQUATIONS_DEG_1:4db71a0a193a0ef6,EE_ONE_VARIABLE_EQUATIONS_DEG_1,Solve linear equations of the form ax+b=cx+d,7,-|2|2|exact|day,1,2 days
EE_ONE_VARIABLE_EQUATIONS_DEG_1-0019,EE_ONE_VARIABLE_EQUATIONS_DEG_1:121ad6d9d5bef88a,EE_ONE_VARIABLE_EQUATIONS_DEG_1,Solve linear equations of the form ax+b=cx+d,"7,8",-|1|1|exact|day,1,1 day
EE_ONE_VARIABLE_EQUATIONS_DEG_1-0020,EE_ONE_VARIABLE_EQUATIONS_DEG_1:ef66977aa17970be,EE_ONE_VARIABLE_EQUATIONS_DEG_1,Solve linear equations of the form ax+b=cx+d,"8,A1",-|1|1|exact|day,1,1 day
EE_ONE_VARIABLE_EQUATIONS_DEG_1-0021,EE_ONE_VARIABLE_EQUATIONS_DEG_1:7989fcfae9669bc6,EE_ONE_VARIABLE_EQUATIONS_DEG_1,Solve linear equations of the form ax+b=cx+d,"8,A1",-|1|1|exact|day,1,1 day
EE_ONE_VARIABLE_EQUATIONS_DEG_1-0022,EE_ONE_VARIABLE_EQUATIONS_DEG_1:24a4836dde863e78,EE_ONE_VARIABLE_EQUATIONS_DEG_1,Solve linear equations of the form ax+b=cx+d,8,-|2|2|exact|day,1,2 day
EE_ONE_VARIABLE_EQUATIONS_DEG_1-0023,EE_ONE_VARIABLE_EQUATIONS_DEG_1:ecc4b5ff05971c3e,EE_ONE_VARIABLE_EQUATIONS_DEG_1,Solve single variable linear absolute value equations,"8,A1",-|1|1|exact|day,1,1 day (could do with next node)
EE_ONE_VARIABLE_EQUATIONS_DEG_1-0024,EE_ONE_VARIABLE_EQUATIONS_DEG_1:234f0353695461c2,EE_ONE_VARIABLE_EQUATIONS_DEG_1,Solve single variable linear absolute value equations,"8,A1",-|1|1|exact|day,1,1 day
EE_ONE_VARIABLE_EQUATIONS_DEG_1-0026,EE_ONE_VARIABLE_EQUATIONS_DEG_1:cf4a441d0ef22131,EE_ONE_VARIABLE_EQUATIONS_DEG_1,Solve single variable linear absolute value equations,"8,A1",-|1|1|exact|day,1,1 day (could do with previous node)
EE_ONE_VARIABLE_INEQUALITIES_DE-0001,EE_ONE_VARIABLE_INEQUALITIES_DE:1f71ad641324bb2f,EE_ONE_VARIABLE_INEQUALITIES_DE,Explain the meaning of an inequality and its solution set and translate between written inequalities and their graphs on a number line.,"6,7",-|||part_of|day,0,"Likely 2+ days for the first 6 nodes altogether (possibly split with 1 day for <, > and 1 day for ≤, ≥)"
EE_ONE_VARIABLE_INEQUALITIES_DE-0002,EE_ONE_VARIABLE_INEQUALITIES_DE:af6460357f97c1f1,EE_ONE_VARIABLE_INEQUALITIES_DE,Explain the meaning of an inequality and its solution set and translate between written inequalities and their graphs on a number line.,"6,7",-|||part_of|day,0,"Likely 2+ days for the first 6 nodes altogether (possibly split with 1 day for <, > and 1 day for ≤, ≥)"
EE_ONE_VARIABLE_INEQUALITIES_DE-0004,EE_ONE_VARIABLE_INEQUALITIES_DE:66ce5557f4f3c14e,EE_ONE_VARIABLE_INEQUALITIES_DE,Explain the meaning of an inequality and its solution set and translate between written inequalities and their graphs on a number line.,"6,7",-|||part_of|day,0,"Likely 2+ days for the first 6 nodes altogether (possibly split with 1 day for <, > and 1 day for ≤, ≥)"
EE_ONE_VARIABLE_INEQUALITIES_DE-0005,EE_ONE_VARIABLE_INEQUALITIES_DE:0dbd1e0d71dd9b0b,EE_ONE_VARIABLE_INEQUALITIES_DE,Explain the meaning of an inequality and its solution set and translate between written inequalities and their graphs on a number line.,"6,7",-|||part_of|day,0,"Likely 2+ days for the first 6 nodes altogether (possibly split with 1 day for <, > and 1 day for ≤, ≥)"
EE_ONE_VARIABLE_INEQUALITIES_DE-0006,EE_ONE_VARIABLE_INEQUALITIES_DE:a3615724ab1c35e0,EE_ONE_VARIABLE_INEQUALITIES_DE,Explain the meaning of an inequality and its solution set and translate between written inequalities and their graphs on a number line.,"6,7",-|||part_of|day,0,"Likely 2+ days for the first 6 nodes altogether (possibly split with 1 day for <, > and 1 day for ≤, ≥)"
EE_ONE_VARIABLE_INEQUALITIES_DE-0010,EE_ONE_VARIABLE_INEQUALITIES_DE:ee7ec5922fe8569c,EE_ONE_VARIABLE_INEQUALITIES_DE,Use substitution to verify solutions to an inequality and represent the solution set on a number line and in interval notation.,"6,7",-|1|1|exact|day,1,Likely 1 day in each grade (incorporated with other nodes)
EE_ONE_VARIABLE_INEQUALITIES_DE-0011,EE_ONE_VARIABLE_INEQUALITIES_DE:49aedf78e387d65b,EE_ONE_VARIABLE_INEQUALITIES_DE,Use substitution to verify solutions to an inequality and represent the solution set on a number line and in interval notation.,"6,7",-|1|1|exact|day,1,Likely 1 day in each grade (incorporated with other nodes)
EE_ONE_VARIABLE_INEQUALITIES_DE-0014,EE_ONE_VARIABLE_INEQUALITIES_DE:17df548f5454adec,EE_ONE_VARIABLE_INEQUALITIES_DE,Extend properties of equality to properties of inequality and generate equivalent inequalities.,7,-|||part_of|day,0,Likely 1-2 days (for all 4 nodes)
EE_ONE_VARIABLE_INEQUALITIES_DE-0018,EE_ONE_VARIABLE_INEQUALITIES_DE:866641504b41d5b7,EE_ONE_VARIABLE_INEQUALITIES_DE,"Solve inequalities of the forms ax+b<c, ax+b≤c, ax+b>c, and ax+b≥c, and represent their solution sets on a number line.",7,-|1|1|exact|day,1,1 day
EE_ONE_VARIABLE_INEQUALITIES_DE-0019,EE_ONE_VARIABLE_INEQUALITIES_DE:ec58450944ab171f,EE_ONE_VARIABLE_INEQUALITIES_DE,"Solve inequalities of the forms ax+b<c, ax+b≤c, ax+b>c, and ax+b≥c, and represent their solution sets on a number line.",7,-|1|1|exact|day,1,1 day
EE_ONE_VARIABLE_INEQUALITIES_DE-0020,EE_ONE_VARIABLE_INEQUALITIES_DE:3b16adb0cd3276c6,EE_ONE_VARIABLE_INEQUALITIES_DE,"Solve inequalities of the forms ax+b<c, ax+b≤c, ax+b>c, and ax+b≥c, and represent their solution sets on a number line.",7,-|||part_of|day,0,Likely 2-3 days when combined with next 3 nodes
EE_ONE_VARIABLE_INEQUALITIES_DE-0025,EE_ONE_VARIABLE_INEQUALITIES_DE:fbf9e168f7e59ae7,EE_ONE_VARIABLE_INEQUALITIES_DE,"Solve one variable linear inequalities, and identify inequalities that have a solution set of all real numbers or no solution.","8,A1",-|1|2|range|day,1,Likely 1-2 days
EE_ONE_VARIABLE_INEQUALITIES_DE-0026,EE_ONE_VARIABLE_INEQUALITIES_DE:118794879f121bb9,EE_ONE_VARIABLE_INEQUALITIES_DE,"Solve one variable linear inequalities, and identify inequalities that have a solution set of all real numbers or no solution.","8,A1",-|1|2|range|day,1,Likely 1-2 days
EE_ONE_VARIABLE_INEQUALITIES_DE-0027,EE_ONE_VARIABLE_INEQUALITIES_DE:f7965f25343648b4,EE_ONE_VARIABLE_INEQUALITIES_DE,"Solve one variable linear inequalities, and identify inequalities that have a solution set of all real numbers or no solution.","8,A1",-|1|2|range|day,1,Likely 1-2 days (combined with other nodes)
EE_ONE_VARIABLE_INEQUALITIES_DE-0028,EE_ONE_VARIABLE_INEQUALITIES_DE:88bc7ee605de2df6,EE_ONE_VARIABLE_INEQUALITIES_DE,"Solve one variable linear inequalities, and identify inequalities that have a solution set of all real numbers or no solution.",,-|1|1|exact|day,1,1 day
EE_ONE_VARIABLE_INEQUALITIES_DE-0029,EE_ONE_VARIABLE_INEQUALITIES_DE:e803ec9723ddf4ce,EE_ONE_VARIABLE_INEQUALITIES_DE,"Solve compound inequalities and represent the solution sets with a number line, set-builder notation, and interval notation.",A1,-|3|3|exact|day,1,"Likely 3 days: 1 day for conjunction including empty set, 1 day for disjunction, 1 day for mixed practice with conjunction/disjunction and special cases, e.g., all real solutions, empty set"
EE_ONE_VARIABLE_INEQUALITIES_DE-0032,EE_ONE_VARIABLE_INEQUALITIES_DE:d9526ac92713935d,EE_ONE_VARIABLE_INEQUALITIES_DE,"Solve compound inequalities and represent the solution sets with a number line, set-builder notation, and interval notation.",,-|1|1|exact|day,1,1 day
EE_ONE_VARIABLE_INEQUALITIES_DE-0033,EE_ONE_VARIABLE_INEQUALITIES_DE:0746739f55c4edaa,EE_ONE_VARIABLE_INEQUALITIES_DE,"Solve absolute value inequalities and represent the solution sets with a number line, set-builder notation, and interval notation.",A1,-|1|3|range|day,1,Likely 1-3 days (combined with other nodes)
EE_ONE_VARIABLE_INEQUALITIES_DE-0041,EE_ONE_VARIABLE_INEQUALITIES_DE:83972a664e3af973,EE_ONE_VARIABLE_INEQUALITIES_DE,Solve real-world problems by writing and solving absolute value inequalities and interpret the solution sets in context.,A1,-|1|1|exact|day,1,1 day (possibly combined with previous nodes)
EE_ONE_VARIABLE_INEQUALITIES_DE-0042,EE_ONE_VARIABLE_INEQUALITIES_DE:9399f495ee58e8cd,EE_ONE_VARIABLE_INEQUALITIES_DE,Solve real-world problems by writing and solving absolute value inequalities and interpret the solution sets in context.,,-|1|1|exact|day,1,1 day (possibly combined with previous nodes)
EST-0001,EST:b6238675a580b64f,EST,Make thoughtful guesses about the sizes of sets and about which set has more or less objects. (Katie– DONE),"PK,K",-|1|1|exact|period,1,Instructional period: | Likely 1 Instructional period
EST-0002,EST:3b39e574d177326f,EST,Determine the relative size and position of numbers by using a mental number path or number line. (Megan—DONE),"PK,K",-|2|2|exact|period,1,Instructional Period | 2
EST-0003,EST:86d045ca0eb5e640,EST,Determine the relative size and position of numbers by using a mental number path or number line. (Megan—DONE),"PK,K",-|2|2|exact|period,1,Instructional Period | 2
EST-0004,EST:78ab44af971dfa39,EST,Determine the relative size and position of numbers by using a mental number path or number line. (Megan—DONE),1,-|2|3|range|period,1,Instructional Period | 2-3?
EST-0005,EST:1b6fcab79b5f3195,EST,Determine the relative size and position of numbers by using a mental number path or number line. (Megan—DONE),2,-|2|3|range|period,1,Instructional Period | 2-3?
EST-0006,EST:478b7fbcefa9fc8b,EST,Make a thoughtful guess about the number of objects in a group. (Stella – DONE),K,-|1|1|exact|period,1,Instructional periods: | Likely 1 instructional period
EST-0007,EST:649a597c1b1fd3a3,EST,Estimate the number of objects in a group by using a mental number line. (Stella – DONE),2,-|1|2|range|period,1,Instructional periods: | Likely 1-2 instructional periods
EST-0008,EST:ff00e6fbee476ffc,EST,Estimate a number of objects or a measurement by using benchmarks. (Megan-DONE),2,-|1|2|range|period,1,Instructional Period | 1-2
EST-0009,EST:1787b11a0d76fb2e,EST,Estimate a number of objects by decomposing and recomposing a set. (Stella – Done),2,-|1|2|range|day,1,Instructional days: | Likely 1-2 days instructional days
FRA-0001,FRA:60c9964df4094416,FRA,Identify and locate fractions on the number line.,3,3|1|1|exact|period,1,G3: Likely 1 instructional period
FRA-0002,FRA:4d41d868d43ade99,FRA,Identify and locate fractions on the number line.,3,-|1|1|exact|period,1,Likely 1 instructional period
FRA-0003,FRA:ab8480fc85132310,FRA,Identify and locate fractions on the number line.,"3,4",3||1|part_of|period; 4||1|part_of|period,1,G3: Likely part of 1 instructional period // G4: Likely part of 1 instructional period
FRA-0004,FRA:1f95b0795733caad,FRA,Identify and locate fractions on the number line.,"3,4",3||1|part_of|period; 4||1|part_of|period,1,G3: Likely part of 1 instructional period // G4: Likely part of 1 instructional period
FRA-0005,FRA:54862b66b446f915,FRA,Identify and generate equivalent fractions.,3,-|2|2|exact|period,1,Likely 2 instructional periods (0 to 1; >1)
FRA-0006,FRA:fc68bc86354d4c1a,FRA,Identify and generate equivalent fractions.,4,-|3|3|exact|period,1,Likely 3 instructional periods (related denominators; any denominators; mixed numbers)
FRA-0007,FRA:c96614f7e979652f,FRA,Identify and generate equivalent fractions.,,-|1|1|exact|period,1,Likely 1 instructional period
FRA-0008,FRA:f33e7232aa72de53,FRA,Identify and generate equivalent fractions.,,-|1|1|exact|period,1,Likely 1 instructional period
FRA-0009,FRA:1c0ef868fa946209,FRA,Identify and generate equivalent fractions.,,-|1|1|exact|period,1,Likely 1 instructional period
FRA-0010,FRA:f87a79b491593236,FRA,Compare and order fractions.,3,-|3|3|exact|day,1,Likely 3 instructional days (like units; related units; unrelated units)
FRA-0011,FRA:64e2de86e1f3249a,FRA,Compare and order fractions.,4,-|1|1|exact|period,1,Likely 1 instructional period
FRA-0012,FRA:0ab94dd2ae1e03aa,FRA,Compare and order fractions.,4,-|2|2|exact|period,1,Likely 2 instructional periods (compare; order)
FRA-0013,FRA:4a8412933fb06224,FRA,Compare and order fractions.,,-|2|2|exact|day,1,"Likely 2 instructional days (1 for number line, 1 for equivalence)"
FRA-0014,FRA:949c1ea491d06860,FRA,"Find a fraction of a number, quantity, or set.","3,5",-|1|1|exact|period,1,Likely 1 instructional period
FRA-0015,FRA:2c281bb058da0574,FRA,"Find a fraction of a number, quantity, or set.",5,-|1|1|exact|period,1,Likely 1 instructional period
FRA-0016,FRA:8396ac1cd7568e90,FRA,"Find a fraction of a number, quantity, or set.",5,-|1|1|exact|period,1,Likely 1 instructional period
FRA-0017,FRA:9261825eb6c4e6ef,FRA,"Find a fraction of a number, quantity, or set.",,-|2|2|exact|period,1,Likely 2 instructional periods (either split unit fractions and non-unit fractions with concrete objects and strip/tape diagrams in the same lesson OR split concrete objects and strip/tape diagrams with unit and non-unit fractions in the same lesson)
FRA-0018,FRA:2b097074ca89f007,FRA,"Find a fraction of a number, quantity, or set.",,-|2|2|exact|period,1,Likely 2 instructional periods (either split unit fractions and non-unit fractions with concrete objects and strip/tape diagrams in the same lesson OR split concrete objects and strip/tape diagrams with unit and non-unit fractions in the same lesson)
FRA-0019,FRA:066517452932945e,FRA,Interpret a fraction as division of the numerator by the denominator.,5,-|1|1|exact|period,1,Likely 1 instructional period
MUL-0001,MUL:4d3ce913e272f94e,MUL,"Write repeated addition as multiplication, and multiply whole numbers by using repeated addition strategies.",2,-|1|2|range|period,1,Likely 1-2 instructional periods
MUL-0002,MUL:9610db9b4f7ac83c,MUL,"Write repeated addition as multiplication, and multiply whole numbers by using repeated addition strategies.",3,-|2|2|exact|period,1,"Likely 2 instructional periods, and reinforced in other lessons"
MUL-0003,MUL:c457c2183019bebf,MUL,"Write repeated addition as multiplication, and multiply whole numbers by using repeated addition strategies.",3,-|1|2|range|period,1,"Likely 1-2 instructional periods, and reinforced in other lessons"
MUL-0004,MUL:895a43aef2fb9fc1,MUL,Define division with unknown factor equations.,2,-|0|1|range|period,1,Likely 0 or 1 instructional periods
MUL-0005,MUL:737ed73163319d90,MUL,Define division with unknown factor equations.,3,-|1|1|exact|period,1,"Likely 1 instructional period, and reinforced in other lessons"
MUL-0006,MUL:b184ad73197e359b,MUL,Define division with unknown factor equations.,3,-|1|2|range|period,1,"Likely 1-2 instructional periods, and reinforced in other lessons"
MUL-0007,MUL:8bf47237d9455394,MUL,Develop and apply properties of operations to multiply and divide (exact division),"3,4",-|1||range|period; -|1||range|period; -|1||range|period,1,"Likely at least 1 instructional period to introduce the commutative property; additional parts of instructional periods with different factors // Likely at least 1 instructional period to introduce the associative property; additional parts of instructional periods (e.g., might be a strategy shared in an instructional routine) // Likely at least 1 instructional period to introduce the distributive property; additional parts of instructional periods with different factors"
MUL-0008,MUL:170ab6bb476bcafa,MUL,Develop and apply properties of operations to multiply and divide (exact division),"3,4",-|2|2|exact|period,1,Likely 2 instructional periods
MUL-0009,MUL:80add7d063196a72,MUL,Develop and apply properties of operations to multiply and divide (exact division),"3,4",-|2|2|exact|period,1,Likely 2 instructional periods
MUL-0010,MUL:4dbb2c0323a93057,MUL,Fluently multiply and divide whole numbers.,"3,4",-|||not_fixed|period,0,Fluency is not taught in a fixed number of instructional periods; it should be practiced and maintained throughout the school year.
MUL-0011,MUL:7e329e61c1fa6388,MUL,Fluently multiply and divide whole numbers.,"3,4",-|||not_fixed|period,0,Fluency is not taught in a fixed number of instructional periods; it should be practiced and maintained throughout the school year.
MUL-0012,MUL:9c85885c3fc175c5,MUL,Fluently multiply and divide whole numbers.,,-|||not_fixed|period,0,Fluency is not taught in a fixed number of instructional periods; it should be practiced and maintained throughout the school year.
MUL-0013,MUL:e428491a2bc84902,MUL,Fluently multiply and divide whole numbers.,,-|||not_fixed|period,0,Fluency is not taught in a fixed number of instructional periods; it should be practiced and maintained throughout the school year.
MUL-0014,MUL:4b0f2a87313dfbf7,MUL,Fluently multiply and divide whole numbers.,"4,5",-|1|2|range|period,1,Likely 1-2 instructional periods
MUL-0015,MUL:65cfba02467def11,MUL,Fluently multiply and divide whole numbers.,"4,5",-||1|part_of|period,1,Likely part of an instructional period
MUL-0016,MUL:e6e21a7837f24b80,MUL,Fluently multiply and divide whole numbers.,"3,4",-|1|1|exact|period,1,Likely 1 instructional period
MUL-0017,MUL:c61f9d06760e0b26,MUL,Fluently multiply and divide whole numbers.,,-|1|1|exact|period,1,Likely 1 instructional period
MUL-0018,MUL:cae1994cf591598e,MUL,Interpret a whole-number multiplication equation as a comparison.,"3,4",-|2|3|range|period,1,Likely 2–3 instructional periods
MUL-0019,MUL:acb0673445540ff8,MUL,Interpret a whole-number multiplication equation as a comparison.,4,-|||embedded|period,0,"Likely part of other instructional periods, could be 1–2 instructional periods (especially due to context-specific comparison language and/or distinguishing between additive and multiplicative contexts)"
MUL-0020,MUL:0eee15f915164d1c,MUL,Develop the standard algorithm for multiplying multi-digit numbers.,4,-|4|4|exact|period,1,"Likely 4 instructional periods (2-digit area model, 2-digit distributive property only, 3-digit and 4-digit area model, 3-digit and 4-digit distributive property only)"
MUL-0021,MUL:cb8db1d1400977f9,MUL,Develop the standard algorithm for multiplying multi-digit numbers.,4,-|3|3|exact|period,1,"Likely 3 instructional periods, including 1 for partial products all on one line"
MUL-0022,MUL:8178d0be327faec6,MUL,Develop the standard algorithm for multiplying multi-digit numbers.,"4,5",4|2|2|exact|period; 5|2|2|exact|period,1,"G4: Likely 2 instructional periods (at least one factor is multiple of 10, any two-digit factors) // G5: Likely 2 instructional periods (at least one factor is multiple of 10, any three-digit x two-digit factors)"
MUL-0023,MUL:0c07e796d6ad8f31,MUL,Develop the standard algorithm for multiplying multi-digit numbers.,"4,5",4|1|2|range|period; 5|1|1|exact|period,1,G4: Likely 1–2 instructional periods // G5: Likely 1 instructional period
MUL-0024,MUL:944f58b61548f624,MUL,Develop the standard algorithm for multiplying multi-digit numbers.,5,-|2|2|exact|period,1,"Likely 2 instructional periods (multi-digit x 2-digits, multi-digit x 3-digits)"
MUL-0025,MUL:0528911c1406d144,MUL,Divide multi-digit whole numbers by single-digit whole numbers in problems with whole-number quotients.,4,-|2|2|exact|period,1,Likely 2 instructional periods
MUL-0026,MUL:a5fcd919a695fd15,MUL,Divide multi-digit whole numbers by single-digit whole numbers in problems with whole-number quotients.,4,-|2|2|exact|period,1,Likely 2 instructional periods
MUL-0027,MUL:c8a9523e1bb6369a,MUL,Find whole-number quotients and remainders with multi-digit dividends and one-digit divisors.,"4,5",-|1|1|exact|period,1,Likely 1 instructional period
MUL-0028,MUL:c35265ab08e1b77e,MUL,Find whole-number quotients and remainders with multi-digit dividends and one-digit divisors.,"4,5",-|1|1|exact|period,1,Likely 1 instructional period
MUL-0029,MUL:f26c163604994894,MUL,Find whole-number quotients and remainders with multi-digit dividends and one-digit divisors.,"4,5",4|||embedded|period; 5|||embedded|period,0,G4: Likely part of other instructional periods // G5: Likely part of other instructional periods
MUL-0030,MUL:7a0cc420c99dcefe,MUL,Find whole-number quotients and remainders with multi-digit dividends and multi-digit divisors.,5,-|1|2|range|period,1,Likely 1–2 instructional periods
MUL-0031,MUL:ad86c23e0179972e,MUL,Find whole-number quotients and remainders with multi-digit dividends and multi-digit divisors.,5,5|2|3|range|period,1,G5: Likely 2–3 instructional periods
MUL-0032,MUL:f1c0ccc3d660ff7f,MUL,Find whole-number quotients and remainders with multi-digit dividends and multi-digit divisors.,5,-|1|1|exact|period,1,Likely 1 instructional period or part of another instructional period
MUL-0033,MUL:3004654cc3867676,MUL,Find whole-number quotients and remainders with multi-digit dividends and multi-digit divisors.,"5,6",-|1|1|exact|period,1,Likely 1 instructional period
NS_INTEGERS_AND_RATIONALS-0001,NS_INTEGERS_AND_RATIONALS:208978e22e2bcdd8,NS_INTEGERS_AND_RATIONALS,Plot rational numbers on a number line and name opposites of rational numbers.,6,-|1|1|exact|day,1,1 day total for integers and rational numbers
NS_INTEGERS_AND_RATIONALS-0002,NS_INTEGERS_AND_RATIONALS:31d22b5935366887,NS_INTEGERS_AND_RATIONALS,Plot rational numbers on a number line and name opposites of rational numbers.,6,-|1|1|exact|day,1,1 day
NS_INTEGERS_AND_RATIONALS-0003,NS_INTEGERS_AND_RATIONALS:e2b3fde2e1c40d04,NS_INTEGERS_AND_RATIONALS,Plot rational numbers on a number line and name opposites of rational numbers.,6,-|1|1|exact|day,1,1 day
NS_INTEGERS_AND_RATIONALS-0005,NS_INTEGERS_AND_RATIONALS:11a8cc4655727362,NS_INTEGERS_AND_RATIONALS,Plot rational numbers on a number line and name opposites of rational numbers.,6,-|1|1|exact|day,1,1 day total for finding and plotting
NS_INTEGERS_AND_RATIONALS-0006,NS_INTEGERS_AND_RATIONALS:a094504ed0433dce,NS_INTEGERS_AND_RATIONALS,Plot rational numbers on a number line and name opposites of rational numbers.,6,-|1|1|exact|day,1,1 day
NS_INTEGERS_AND_RATIONALS-0007,NS_INTEGERS_AND_RATIONALS:516995d6bfa7b434,NS_INTEGERS_AND_RATIONALS,Compare and order rational numbers.,6,-|1|1|exact|day,1,1 day (could address both integers and rational numbers in one day)*
NS_INTEGERS_AND_RATIONALS-0008,NS_INTEGERS_AND_RATIONALS:ef26b82e5578c434,NS_INTEGERS_AND_RATIONALS,Compare and order rational numbers.,6,-|1|1|exact|day,1,1 day*
NS_INTEGERS_AND_RATIONALS-0011,NS_INTEGERS_AND_RATIONALS:bc69b1d7084920fe,NS_INTEGERS_AND_RATIONALS,Convert between fractions and decimals.,7,-|1|1|exact|day,1,1 instructional day
NS_INTEGERS_AND_RATIONALS-0012,NS_INTEGERS_AND_RATIONALS:c94021e2ff6f5e53,NS_INTEGERS_AND_RATIONALS,Convert between fractions and decimals.,7,-|2|2|exact|day,1,2 instructional days
NS_INTEGERS_AND_RATIONALS-0013,NS_INTEGERS_AND_RATIONALS:cbaae172fcc7600e,NS_INTEGERS_AND_RATIONALS,Convert between fractions and decimals.,"7,8",-|2|2|exact|day,1,2 instructional days
NS_INTEGERS_AND_RATIONALS-0014,NS_INTEGERS_AND_RATIONALS:d49190ce71e31c9d,NS_INTEGERS_AND_RATIONALS,Add rational numbers.,7,-|1|1|exact|day,1,1 day
NS_INTEGERS_AND_RATIONALS-0016,NS_INTEGERS_AND_RATIONALS:30697fa29f1ddb2e,NS_INTEGERS_AND_RATIONALS,Add rational numbers.,7,-|2|2|exact|day,1,2 days:
NS_INTEGERS_AND_RATIONALS-0017,NS_INTEGERS_AND_RATIONALS:9a579b616a3e2763,NS_INTEGERS_AND_RATIONALS,Add rational numbers.,7,-|2|2|exact|day,1,2 days:
NS_INTEGERS_AND_RATIONALS-0018,NS_INTEGERS_AND_RATIONALS:f3aa9c9a8bb167b7,NS_INTEGERS_AND_RATIONALS,Subtract rational numbers.,"6,7",-|1|1|exact|day,1,1 day
NS_INTEGERS_AND_RATIONALS-0020,NS_INTEGERS_AND_RATIONALS:43e9d83f6dce4aab,NS_INTEGERS_AND_RATIONALS,Subtract rational numbers.,"6,7",-|2|2|exact|day,1,2 days- 1 day for representing on number lines and rewriting subtraction expressions as addition expressions; 1 day for evaluating differences by rewriting as sums.
NS_INTEGERS_AND_RATIONALS-0021,NS_INTEGERS_AND_RATIONALS:ba52cf0a3669fda2,NS_INTEGERS_AND_RATIONALS,Subtract rational numbers.,7,-|2|2|exact|day,1,2 days
NS_INTEGERS_AND_RATIONALS-0023,NS_INTEGERS_AND_RATIONALS:44573716fbd8e094,NS_INTEGERS_AND_RATIONALS,Multiply rational numbers.,"6,7",-|2|2|exact|day,1,"2 days (one positive, one negative factor; two negative factors)"
NS_INTEGERS_AND_RATIONALS-0024,NS_INTEGERS_AND_RATIONALS:74d32b2207b8a1c4,NS_INTEGERS_AND_RATIONALS,Multiply rational numbers.,7,-|2|2|exact|day,1,2 days (one day for more than two factors and word problems)
NS_INTEGERS_AND_RATIONALS-0027,NS_INTEGERS_AND_RATIONALS:dc08d18c75682aee,NS_INTEGERS_AND_RATIONALS,Divide rational numbers.,7,-|2|3|range|day,1,2-3 days
NS_INTEGERS_AND_RATIONALS-0029,NS_INTEGERS_AND_RATIONALS:163f4b1a0f5815e6,NS_INTEGERS_AND_RATIONALS,Evaluate expressions with rational numbers.,7,-|2|3|range|day,1,2-3 days
NS_IRRATIONAL_REAL_NUMBERS-0001,NS_IRRATIONAL_REAL_NUMBERS:736b15933eb48845,NS_IRRATIONAL_REAL_NUMBERS,Classify real numbers as rational or irrational.,8,-|||not_fixed|day,0,Number of days depends on how irrational numbers are introduced
NS_IRRATIONAL_REAL_NUMBERS-0002,NS_IRRATIONAL_REAL_NUMBERS:cbd39d22e52fdd44,NS_IRRATIONAL_REAL_NUMBERS,Use decimal representations to classify any number as rational or irrational,8,-|1|1|exact|day,1,1 day
NS_IRRATIONAL_REAL_NUMBERS-0004,NS_IRRATIONAL_REAL_NUMBERS:15ec407c137fd3d8,NS_IRRATIONAL_REAL_NUMBERS,"Use rational approximations to locate, compare, and order rational and irrational numbers on the number line.",8,-|1|1|exact|day,1,1 day
NS_IRRATIONAL_REAL_NUMBERS-0005,NS_IRRATIONAL_REAL_NUMBERS:4f08d245d266e5ec,NS_IRRATIONAL_REAL_NUMBERS,"Use rational approximations to locate, compare, and order rational and irrational numbers on the number line.",8,-|1|1|exact|day,1,1 day combined with next node to right
PS_PROBABILITY-0001,PS_PROBABILITY:4f095a1feb482a0a,PS_PROBABILITY,Understand probability as a measure of likelihood and describe the probability of an event informally using a probability scale from impossible to certain.,"6,7",-|1|1|exact|day,1,1 instructional day
PS_PROBABILITY-0002,PS_PROBABILITY:ffba3f890ba525b4,PS_PROBABILITY,Define probability and determine the probability of events for single-stage experiments.,7,-|1|1|exact|day,1,1 day
PS_PROBABILITY-0003,PS_PROBABILITY:76d29b68478a89bd,PS_PROBABILITY,Define probability and determine the probability of events for single-stage experiments.,7,-|1|2|range|day,1,1-2 days
PS_PROBABILITY-0004,PS_PROBABILITY:f7322bd5dbe6eb58,PS_PROBABILITY,Collect data from a single-stage chance experiment to calculate probability using long run relative frequency.,"6,7",-|2|2|exact|day,1,2 days
PS_PROBABILITY-0005,PS_PROBABILITY:41ae6cfc635e3687,PS_PROBABILITY,Collect data from a single-stage chance experiment to calculate probability using long run relative frequency.,"6,7",-|2|2|exact|day,1,2 days:
PS_PROBABILITY-0006,PS_PROBABILITY:a4fd371939fd9c45,PS_PROBABILITY,Collect data from a single-stage chance experiment to calculate probability using long run relative frequency.,"6,7",-|3|3|exact|day,1,3 days:
PS_PROBABILITY-0008,PS_PROBABILITY:5f2a97f5c0e171a5,PS_PROBABILITY,Represent sample spaces and find or estimate probabilities of events in multi-stage chance experiments,"6,7",-|3|3|exact|day,1,3 days total:
RP_COORDINATE_SYSTEM-0001,RP_COORDINATE_SYSTEM:0461d88bd83d2fab,RP_COORDINATE_SYSTEM,"Construct Quadrant I of a coordinate system, plot points, and name ordered pairs.",5,-|1|1|exact|lesson,1,1 lesson
RP_COORDINATE_SYSTEM-0002,RP_COORDINATE_SYSTEM:da5721a48367bea6,RP_COORDINATE_SYSTEM,"Construct Quadrant I of a coordinate system, plot points, and name ordered pairs.",5,-|0.5|0.5|exact|lesson,1,1/2 lesson – combine with next node
RP_COORDINATE_SYSTEM-0003,RP_COORDINATE_SYSTEM:20029d0e1dc77cbd,RP_COORDINATE_SYSTEM,"Construct Quadrant I of a coordinate system, plot points, and name ordered pairs.",5,-|0.5|0.5|exact|lesson,1,1/2 lesson – combine with previous node
RP_COORDINATE_SYSTEM-0004,RP_COORDINATE_SYSTEM:b16b71a38ccc4957,RP_COORDINATE_SYSTEM,"Construct Quadrant I of a coordinate system, plot points, and name ordered pairs.",5,-|0.5|0.5|exact|lesson,1,1/2 lesson - combine with next node
RP_COORDINATE_SYSTEM-0005,RP_COORDINATE_SYSTEM:62e6f7877409e69b,RP_COORDINATE_SYSTEM,"Construct Quadrant I of a coordinate system, plot points, and name ordered pairs.",5,-|0.5|0.5|exact|lesson,1,1/2 lesson - combine with previous node
RP_COORDINATE_SYSTEM-0006,RP_COORDINATE_SYSTEM:51b346fb15e1e3d3,RP_COORDINATE_SYSTEM,"Construct Quadrant I of a coordinate system, plot points, and name ordered pairs.",5,-|1|2|range|lesson,1,1-2 lessons
RP_COORDINATE_SYSTEM-0007,RP_COORDINATE_SYSTEM:8caefdf7eab0e889,RP_COORDINATE_SYSTEM,"Construct all four quadrants of a coordinate system, plot points, and name ordered pairs.",6,-|1|1|exact|lesson,1,1 lesson
RP_COORDINATE_SYSTEM-0008,RP_COORDINATE_SYSTEM:9128281fa1828ffc,RP_COORDINATE_SYSTEM,"Construct all four quadrants of a coordinate system, plot points, and name ordered pairs.",6,-|0.5|0.5|exact|lesson,1,1/2 lesson – combine with next node
RP_COORDINATE_SYSTEM-0009,RP_COORDINATE_SYSTEM:ff7e71c5680b88f7,RP_COORDINATE_SYSTEM,"Construct all four quadrants of a coordinate system, plot points, and name ordered pairs.",6,-|0.5|0.5|exact|lesson,1,1/2 lesson – combine with previous node
RP_COORDINATE_SYSTEM-0010,RP_COORDINATE_SYSTEM:f3efa67eb035b54f,RP_COORDINATE_SYSTEM,"Construct all four quadrants of a coordinate system, plot points, and name ordered pairs.",6,-|0.5|0.5|exact|lesson,1,1/2 lesson – combine with next node
RP_COORDINATE_SYSTEM-0011,RP_COORDINATE_SYSTEM:b5061c355ca7669d,RP_COORDINATE_SYSTEM,"Construct all four quadrants of a coordinate system, plot points, and name ordered pairs.",6,-|0.5|0.5|exact|lesson,1,1/2 lesson – combine with previous node
RP_COORDINATE_SYSTEM-0012,RP_COORDINATE_SYSTEM:d098957c7779a8e6,RP_COORDINATE_SYSTEM,"Construct all four quadrants of a coordinate system, plot points, and name ordered pairs.",6,-|0.5|0.5|exact|lesson,1,1/2 lesson – combine with next node
RP_COORDINATE_SYSTEM-0013,RP_COORDINATE_SYSTEM:b3ca3abd2ed052fe,RP_COORDINATE_SYSTEM,"Construct all four quadrants of a coordinate system, plot points, and name ordered pairs.",6,-|0.5|0.5|exact|lesson,1,1/2 lesson – combine with previous node
RP_COORDINATE_SYSTEM-0014,RP_COORDINATE_SYSTEM:c165bd97882ae1f1,RP_COORDINATE_SYSTEM,"Construct all four quadrants of a coordinate system, plot points, and name ordered pairs.",6,-|1|2|range|lesson,1,1-2 lessons
RP_COORDINATE_SYSTEM-0015,RP_COORDINATE_SYSTEM:f9c1a35a7d9dbd3d,RP_COORDINATE_SYSTEM,Find the distance between 2 points with same x- or same y-coordinate.,6,-|0.5|1|range|lesson,1,1/2 to 1 lesson:
RP_COORDINATE_SYSTEM-0016,RP_COORDINATE_SYSTEM:ffae81e9bbafe71c,RP_COORDINATE_SYSTEM,Find the distance between 2 points with same x- or same y-coordinate.,6,-|1|1|exact|lesson,1,1 lesson (see previous node Additional Notes)
RP_COORDINATE_SYSTEM-0017,RP_COORDINATE_SYSTEM:fdadcebad91d6b89,RP_COORDINATE_SYSTEM,Find the distance between 2 points with same x- or same y-coordinate.,6,-|1|1|exact|lesson,1,1 lesson (see previous node Additional Notes)
RP_COORDINATE_SYSTEM-0018,RP_COORDINATE_SYSTEM:0a8dd4b09be8a410,RP_COORDINATE_SYSTEM,Find the distance between 2 points with same x- or same y-coordinate.,6,-|1|2|range|lesson,1,1-2 lessons
RP_COORDINATE_SYSTEM-0019,RP_COORDINATE_SYSTEM:0f0aa0d9a296319c,RP_COORDINATE_SYSTEM,Find the distance between 2 points with same x- or same y-coordinate.,"6,7,8,A1",-|1|1|exact|lesson,1,1 lesson
RP_COORDINATE_SYSTEM-0020,RP_COORDINATE_SYSTEM:112c4de6775a3837,RP_COORDINATE_SYSTEM,Find the distance between 2 points with same x- or same y-coordinate.,"6,7,8,A1",-|1|1|exact|lesson,1,1 lesson
RP_COORDINATE_SYSTEM-0021,RP_COORDINATE_SYSTEM:1cb53f22c15f3d8d,RP_COORDINATE_SYSTEM,Find the distance between 2 points with same x- or same y-coordinate.,,-|0.5|1|range|lesson,1,1/2 to 1 lesson – could be combined with “Fun with symmetries.”
RP_COORDINATE_SYSTEM-0022,RP_COORDINATE_SYSTEM:aaf98fc2cc9e4af5,RP_COORDINATE_SYSTEM,Find the distance between 2 points with same x- or same y-coordinate.,,-|0.5|1|range|lesson,1,1/2 to 1 lesson – could be combined with “Reflection of points about the x- or y-axis.”
RP_COORDINATE_SYSTEM-0023,RP_COORDINATE_SYSTEM:a0834dc0dedb0e69,RP_COORDINATE_SYSTEM,Find the distance between any 2 points by using the Pythagorean theorem.,8,-|0.5|1|range|lesson,1,1/2 to 1 lesson (could be possibly combined with next node)
RP_COORDINATE_SYSTEM-0024,RP_COORDINATE_SYSTEM:690affca2f774085,RP_COORDINATE_SYSTEM,Find the distance between any 2 points by using the Pythagorean theorem.,8,-|0.5|1|range|lesson,1,1/2 to 1 lesson (could be possibly combined with previous node)
RP_COORDINATE_SYSTEM-0025,RP_COORDINATE_SYSTEM:958a6d9e737bd4c8,RP_COORDINATE_SYSTEM,Find the distance between any 2 points by using the distance formula.,A1,-|1|1|exact|lesson,1,1 lesson
RP_COORDINATE_SYSTEM-0026,RP_COORDINATE_SYSTEM:519a69e4380be49b,RP_COORDINATE_SYSTEM,Find the distance between any 2 points by using the distance formula.,A1,-|1|1|exact|lesson,1,1 lesson
RP_COORDINATE_SYSTEM-0027,RP_COORDINATE_SYSTEM:fe1b330b7ca34b13,RP_COORDINATE_SYSTEM,Find the distance between any 2 points by using the distance formula.,A1,-|1|1|exact|lesson,1,1 lesson
SUB-0001,SUB:0bfc6a97179a8f5d,SUB,Determine how many objects are in a group of up to 5 objects without counting.,PK,-|1|1|exact|period,1,Instructional Period | 1
SUB-0002,SUB:2c845b2db04aa0b9,SUB,Determine how many objects are in a group without counting by recognizing and composing smaller groups.,"PK,K,1",-|1|1|exact|period,1,Instructional Period | 1
TIM-0001,TIM:93f850d3e99d5baf,TIM,Describe and compare the durations of commonplace activities.,"PK,K,1,2",-|1|1|exact|period,1,"Likely 1 instructional period, but can/should be embedded across grade levels"
TIM-0002,TIM:43747778a4581839,TIM,Describe and compare the durations of commonplace activities.,,-|1|1|exact|period,1,"Likely 1 instructional period, but can/should be embedded across grade levels"
TIM-0003,TIM:e5cb20b31918cffc,TIM,Read and write moments to the hour and half-hour on analog and digital clocks,1,-|3|4|range|period,1,Likely 3-4 instructional periods
TIM-0004,TIM:ba9fa84f1960b1f3,TIM,Classify times as moments or durations and label both on a timeline,2,-|1|1|exact|period,1,Likely 1 instructional period
TIM-0005,TIM:79706da3777b3b2f,TIM,Classify times as moments or durations and label both on a timeline,2,-|1|1|exact|period,1,Likely 1 instructional period
TIM-0006,TIM:cb381461038a7f40,TIM,Read and write moments to the nearest 5 minutes,,-|2|2|exact|period,1,Likely 2 instructional periods
TIM-0007,TIM:ded0935e7f3fa9a6,TIM,Use a.m. and p.m.,,-|1|1|exact|period,1,Likely 1 instructional period
TIM-0008,TIM:d1c52c63792e9bfb,TIM,Measure durations with a timing tool and estimate durations with time benchmarks.,"1,2",-||1|part_of|period,1,Likely part of an instructional period
TIM-0009,TIM:2c4c8a5d1b328bb2,TIM,Measure durations with a timing tool and estimate durations with time benchmarks.,"1,2",-||1|part_of|period,1,Likely part of an instructional period
TIM-0010,TIM:fe32bbacca33e365,TIM,Tell and write time to the nearest minute.,"2,3",-|1|1|exact|period,1,Likely 1 instructional period
TIM-0011,TIM:c605dee87af8ca99,TIM,Represent and solve elapsed time problems by using the number line.,"2,3,4",-|2|2|exact|period,1,Likely 2 instructional periods
TIM-0012,TIM:06cf092b8616f0f0,TIM,Convert between time duration units.,"4,5",-|||embedded|period,0,Likely parts of multiple instructional periods
TIM-0013,TIM:bb8c3e407fc6654c,TIM,Convert between time duration units.,"4,5",-|||embedded|period,0,Likely parts of multiple instructional periods
TIM-0014,TIM:d2001fd1ffdd6e6e,TIM,Convert between time duration units.,5,-||1|part_of|period,1,Likely part of an instructional period
WHO-0001,WHO:2dbecb7d70787f5f,WHO,Use place value to read and write numbers.,"K,1,2,3,4,5",K||1|part_of|period; 1|3|3|exact|period; 2|2|2|exact|period; 3|1|1|exact|period; 4|2|2|exact|period; 5|2|2|exact|period,1,"GK: Part of an instructional period // G1: Likely 3 instructional periods // G2: Likely 2 instructional periods // G3: Likely 1 instructional period // G4: Likely 2 instructional periods (1 whole numbers, 1 decimals) // G5: Likely 2 instructional periods (1 whole numbers, 1 decimals)"
WHO-0002,WHO:e76a48efd939b02c,WHO,Use place value to read and write numbers.,"K,1,2,3,4,5",K|5|5|exact|period; 1|3|3|exact|period; 2|2|2|exact|period; 3|1|1|exact|period; 4|2|2|exact|period; 5|2|2|exact|period,1,"GK: Likely 5 instructional periods, with additional practice time needed // G1: Likely 3 instructional periods // G2: Likely 2 instructional periods // G3: Likely 1 instructional period // G4: Likely 2 instructional periods (1 whole numbers, 1 decimals) // G5: Likely 2 instructional periods (1 whole numbers, 1 decimals)"
WHO-0003,WHO:f2677420db299a97,WHO,Use place value to read and write numbers.,"K,1,2,3,4,5",K|||unparsed|-; 1|1|1|exact|period; 2|1|1|exact|period; 3||1|part_of|period; 4|||embedded|period; 5|||embedded|period,1,"GK: Identify numerals: Likely 1 instructional period (new), Writing numerals 1 instructional period (new) -Heavy emphasis on practice and developmental abilities for writing // G1: Likely 1 instructional period, combined with prior columns // G2: Likely 1 instructional period // G3: Likely part of an instructional period // G4: Likely part of other instructional periods (whole numbers, decimals) // G5: Likely part of other instructional periods (whole numbers, decimals)"
WHO-0004,WHO:03575c2cc0334a02,WHO,Use place value to read and write numbers.,"1,2,3,4,5",1|1|1|exact|period; 2|1|1|exact|period; 3||1|part_of|period; 4||2|part_of|period; 5||1|part_of|period,1,G1 (for FL and AR): Likely 1 instructional period // G2: Likely 1 instructional period // G3: Likely part of 1 instructional period // G4: Likely part of 2 instructional periods (1 for whole numbers and one for decimals) // G5: Likely part of 1 instructional period
WHO-0005,WHO:83ea92b3fa2092ca,WHO,Read and write numbers in expanded form.,"1,2,3,4,5",2|1|1|exact|period; 3||1|part_of|period; 4||2|part_of|period; 5||2|part_of|period,1,G2: Likely 1 instructional period // G3: Likely part of 1 instructional period // G4: Likely part of 2 instructional periods (one for whole numbers and one for decimals) // G5: Likely part of 2 instructional periods (one for whole numbers and one for decimals)
WHO-0006,WHO:495e59ec65e384dd,WHO,Read and write numbers in expanded form.,"3,4,5",4||1|part_of|period; 5||2|part_of|period,1,G4: Likely part of 1 instructional period // G5: Likely part of 2 instructional periods (one for whole numbers and one for decimals)
WHO-0007,WHO:8d9f4e7cba9efaa6,WHO,Read and write numbers in expanded form.,5,5||1|part_of|period,1,G5: Likely part of an instructional period
WHO-0008,WHO:ba1ea82af7046b47,WHO,"Represent, compose, and decompose numbers.","K,1,2,3,4",K|3|3|exact|period; 1|2|2|exact|period; 2|2|2|exact|period; 3|1|1|exact|period; 4|1|1|exact|period,1,GK: Likely 3 instructional periods // G1: Likely 2 instructional periods // G2: Likely 2 instructional periods // G3: Likely 1 instructional period // G4: Likely 1 instructional period
WHO-0009,WHO:04d1332c3e03d484,WHO,"Represent, compose, and decompose numbers.","4,5",4|2|2|exact|period; 5|1|1|exact|period,1,"G4: Likely 2 instructional periods (might be partial, one for tenths and one for hundredths) // G5: Likely 1 instructional period"
WHO-0010,WHO:d65c6bed74a5ba1c,WHO,Compare and order numbers by using place value.,"1,2,3,4",1|3|3|exact|period; 2|2|2|exact|period; 3||1|part_of|period; 4||1|part_of|period,1,G1: Likely 3 instructional periods // G2: Likely 2 instructional periods (heavy fluency practice) // G3: Likely part of 1 instructional period // G4: Likely part of 1 instructional period
WHO-0011,WHO:dc726b29e8f61f18,WHO,Compare and order numbers by using place value.,"1,2,3,4",1|1|1|exact|period; 2|1|1|exact|period; 3||1|part_of|period; 4||1|part_of|period,1,G1: 1 instructional period // G2: 1 instructional period // G3: Likely part of 1 instructional period // G4: Likely part of 1 instructional period
WHO-0012,WHO:fdbd77e5556b420d,WHO,Compare and order numbers by using place value.,"4,5",4||1|part_of|period; 5||1|part_of|period,1,G4: Likely part of 1 instructional period // G5: Likely part of 1 instructional period
WHO-0013,WHO:5a975d82b5ef07dd,WHO,Compare and order numbers by using place value.,"4,5",4||1|part_of|period; 5||1|part_of|period,1,G4: Likely part of 1 instructional period // G5: Likely part of 1 instructional period
WHO-0014,WHO:6ba16d8322f52cba,WHO,Round numbers by using place value.,"3,4,5",3|2|2|exact|period; 4|3|3|exact|period; 5|1|1|exact|period,1,"G3: Likely 2 instructional periods (to nearest 10, to nearest 100) // G4: Likely 3 instructional periods (to leading place value, to a place value other than the leading place value, what place makes sense for context) // G5: Likely 1 instructional period"
WHO-0015,WHO:b8abb9aa81abbfb0,WHO,Recognize and describe the relationships between place value units.,"3,4,5",4|1|1|exact|period; 5|2|2|exact|period,1,Likely 1 instructional period in G4 and 2 instructional periods in G5
WHO-0016,WHO:056a9395fb21fe21,WHO,Recognize and describe the relationships between place value units.,"4,5",4|1|1|exact|period; 5|2|2|exact|period,1,"Likely 1 instructional period in G4 and 2 instructional periods in G5, some might be able to be part of a lesson for other nodes"
WHO-0017,WHO:eb5b5d0a591be1db,WHO,Recognize and describe the relationships between place value units.,5,-|1|1|exact|period,1,Likely 1 instructional period
WHO-0018,WHO:66ff802b910a6e77,WHO,Recognize and describe the relationships between place value units.,5,-||1|part_of|period,1,Likely 1 or part of 1 instructional period
WHO-0019,WHO:d0717c3b0243fae8,WHO,Recognize and describe the relationships between place value units.,"4,5",4|1|1|exact|period; 5|2|2|exact|period,1,Likely 1 instructional period in G4 and 2 instructional periods in G5
